skill_id,c_layer1,c_layer2,c_layer3
7.0,0,0.0,0
14.0,0,1.0,0
21.0,1,0.0,0
22.0,0,1.0,1
34.0,2,0.0,0
65.0,2,0.0,1
78.0,3,0.0,0
96.0,3,1.0,0
113.0,4,0.0,0
117.0,0,2.0,0
178.0,2,1.0,0
180.0,0,3.0,0
182.0,3,0.0,0
954182.0,3,0.0,1
954184.0,3,2.0,0
954188.0,3,1.0,1
954189.0,0,4.0,0
954194.0,3,0.0,2
954195.0,3,1.0,1
954196.0,2,2.0,0
954198.0,5,0.0,0
954207.0,5,1.0,0
954210.0,0,2.0,1
954213.0,2,3.0,0
954215.0,3,0.0,0
954216.0,5,0.0,0
954218.0,5,1.0,0
954223.0,2,1.0,0
954225.0,0,4.0,1
954227.0,0,4.0,0
954229.0,0,2.0,2
954236.0,3,0.0,1
954237.0,3,3.0,0
954238.0,0,4.0,2
954241.0,0,0.0,1
954242.0,0,4.0,0
954243.0,5,0.0,1
954252.0,1,1.0,0
954254.0,0,2.0,2
954256.0,5,2.0,0
954258.0,0,2.0,3
954260.0,3,0.0,2
954261.0,5,0.0,1
954263.0,5,1.0,1
954265.0,5,0.0,1
954266.0,2,0.0,2
954267.0,3,2.0,1
954273.0,2,1.0,1
954276.0,2,1.0,1
954278.0,3,1.0,2
954281.0,6,0.0,0
954282.0,0,2.0,1
954283.0,2,4.0,0
954285.0,0,3.0,1
954286.0,2,0.0,3
954289.0,0,2.0,2
954290.0,2,2.0,0
954291.0,2,0.0,1
954296.0,0,4.0,0
954300.0,5,1.0,0
954303.0,0,4.0,2
954305.0,0,1.0,1
954306.0,0,2.0,2
954307.0,0,1.0,2
954309.0,2,0.0,0
954310.0,2,1.0,1
954314.0,3,2.0,0
954316.0,3,1.0,0
954317.0,5,2.0,1
954318.0,3,2.0,0
954319.0,5,0.0,2
954320.0,3,3.0,1
954321.0,2,2.0,1
954323.0,3,2.0,1
954326.0,2,0.0,0
954331.0,2,1.0,0
954333.0,2,1.0,0
954335.0,0,1.0,1
954336.0,5,1.0,1
954338.0,0,3.0,1
954345.0,5,0.0,1
954348.0,5,2.0,0
954349.0,0,4.0,1
954350.0,5,3.0,0
954352.0,0,3.0,1
954354.0,2,2.0,1
954355.0,3,1.0,2
954356.0,5,4.0,0
954359.0,5,3.0,1
954362.0,3,0.0,3
954363.0,2,3.0,0
954368.0,0,1.0,1
954369.0,0,2.0,2
954372.0,5,0.0,3
954375.0,5,1.0,0
954378.0,7,0.0,0
954382.0,3,1.0,2
954383.0,2,4.0,0
954384.0,5,3.0,0
954393.0,5,0.0,3
954394.0,2,1.0,0
954395.0,0,4.0,2
954396.0,2,2.0,2
954398.0,5,1.0,0
954403.0,5,1.0,2
954406.0,3,1.0,1
954407.0,5,4.0,1
954409.0,3,1.0,2
954410.0,3,2.0,0
954411.0,3,2.0,1
954413.0,5,4.0,0
954414.0,3,3.0,1
954417.0,6,1.0,0
954421.0,0,1.0,2
954423.0,5,3.0,1
954425.0,5,0.0,0
954426.0,5,0.0,3
954431.0,2,0.0,0
954432.0,2,0.0,0
954434.0,3,3.0,0
954436.0,2,2.0,2
954437.0,2,4.0,1
954440.0,2,3.0,0
954441.0,0,2.0,3
954442.0,2,0.0,2
954444.0,5,1.0,0
954445.0,3,1.0,0
954450.0,3,0.0,1
954451.0,0,2.0,0
954453.0,3,1.0,3
954455.0,0,3.0,1
954457.0,2,3.0,0
954458.0,0,2.0,3
954461.0,1,2.0,0
954463.0,5,1.0,2
954466.0,2,0.0,0
954469.0,0,1.0,1
954470.0,3,2.0,1
954473.0,3,1.0,0
954474.0,0,2.0,2
954475.0,5,1.0,0
954478.0,3,2.0,0
954483.0,2,0.0,0
954485.0,5,0.0,2
954490.0,2,0.0,0
954491.0,0,2.0,1
954493.0,2,1.0,0
954494.0,2,3.0,0
954497.0,3,2.0,1
954499.0,0,3.0,1
954500.0,2,1.0,0
954507.0,0,2.0,1
954508.0,0,2.0,1
954512.0,5,2.0,0
954513.0,3,1.0,2
954515.0,3,3.0,2
954516.0,2,3.0,0
954519.0,2,1.0,1
954521.0,2,1.0,0
954522.0,3,1.0,3
954524.0,0,2.0,1
954526.0,2,2.0,0
954527.0,5,2.0,1
954529.0,3,1.0,4
954532.0,3,0.0,2
954533.0,3,2.0,1
954541.0,5,0.0,3
954551.0,2,2.0,1
954555.0,5,4.0,2
954556.0,5,4.0,1
954557.0,5,3.0,0
954558.0,0,2.0,3
954559.0,0,4.0,2
954560.0,0,3.0,2
954561.0,3,1.0,1
954567.0,3,3.0,2
954568.0,5,1.0,0
954569.0,3,1.0,0
954570.0,1,2.0,0
954574.0,5,2.0,0
954578.0,2,4.0,2
954579.0,1,2.0,0
954580.0,5,1.0,0
954581.0,2,2.0,1
954582.0,3,3.0,0
954585.0,2,2.0,2
954589.0,2,3.0,1
954590.0,1,1.0,1
954591.0,2,2.0,0
954592.0,3,1.0,0
954593.0,2,4.0,3
954594.0,2,0.0,2
954597.0,5,1.0,1
954598.0,3,1.0,1
954599.0,5,0.0,3
954601.0,0,4.0,1
954602.0,5,4.0,0
954604.0,3,0.0,2
954606.0,2,0.0,3
954607.0,2,1.0,0
954610.0,5,1.0,0
954618.0,5,1.0,2
954621.0,2,0.0,0
954623.0,3,1.0,1
954626.0,3,1.0,1
954629.0,2,1.0,1
954631.0,0,1.0,3
954636.0,3,0.0,1
954639.0,3,3.0,0
954640.0,5,4.0,0
954641.0,0,4.0,2
954643.0,3,3.0,1
954647.0,5,0.0,2
954648.0,5,3.0,0
954649.0,5,1.0,2
954650.0,2,3.0,1
954651.0,2,3.0,2
954655.0,5,2.0,1
954657.0,3,2.0,0
954658.0,5,1.0,2
954665.0,3,2.0,0
954667.0,3,1.0,2
954668.0,3,1.0,2
954670.0,2,1.0,0
954672.0,5,4.0,3
954674.0,5,0.0,2
954676.0,1,0.0,1
954677.0,5,1.0,0
954678.0,3,3.0,2
954679.0,3,2.0,1
954684.0,5,0.0,3
954686.0,2,4.0,1
954687.0,2,0.0,2
954689.0,3,2.0,0
954693.0,5,0.0,1
954697.0,2,2.0,1
954698.0,5,4.0,3
954699.0,2,4.0,2
954700.0,0,0.0,2
954701.0,3,3.0,0
954709.0,0,4.0,2
954710.0,3,1.0,2
954712.0,0,2.0,3
954717.0,5,4.0,1
954718.0,5,4.0,3
954722.0,1,1.0,2
954725.0,0,2.0,1
954730.0,3,3.0,2
954733.0,0,4.0,2
954735.0,5,4.0,2
954736.0,5,2.0,0
954737.0,5,1.0,0
954738.0,5,2.0,0
954739.0,5,0.0,3
954740.0,3,1.0,3
954741.0,0,2.0,2
954744.0,5,2.0,0
954747.0,5,1.0,0
954750.0,2,3.0,2
954752.0,3,1.0,0
954754.0,2,0.0,0
954758.0,2,0.0,1
954761.0,0,1.0,1
954762.0,3,1.0,0
954765.0,1,2.0,1
954766.0,2,1.0,0
954769.0,2,4.0,2
954770.0,1,2.0,0
954771.0,5,5.0,0
954774.0,2,1.0,0
954777.0,5,0.0,2
954778.0,0,4.0,1
954779.0,2,2.0,2
954783.0,2,4.0,1
954785.0,3,0.0,0
954790.0,0,3.0,3
954791.0,0,4.0,1
954793.0,0,4.0,2
954795.0,8,0.0,0
954799.0,5,4.0,0
954800.0,6,0.0,0
954805.0,0,2.0,2
954807.0,0,1.0,3
954808.0,5,1.0,0
954809.0,3,1.0,0
954813.0,1,2.0,1
954814.0,3,0.0,3
954825.0,2,2.0,2
954827.0,2,1.0,0
954833.0,0,2.0,2
954837.0,2,2.0,0
954839.0,5,1.0,0
954841.0,3,1.0,2
954842.0,5,0.0,0
954843.0,5,0.0,2
954844.0,2,2.0,3
954848.0,0,4.0,0
954852.0,5,4.0,1
954853.0,0,2.0,3
954854.0,5,0.0,1
954855.0,5,0.0,2
954857.0,2,2.0,1
954859.0,5,1.0,2
954860.0,2,0.0,2
954861.0,0,2.0,0
954862.0,5,5.0,1
954869.0,0,2.0,3
954870.0,2,0.0,0
954872.0,2,3.0,0
954876.0,3,1.0,3
954877.0,2,1.0,0
954878.0,2,3.0,0
954881.0,3,3.0,0
954883.0,5,0.0,3
954884.0,2,2.0,1
954893.0,5,3.0,1
954894.0,2,2.0,2
954895.0,5,1.0,0
954900.0,2,4.0,1
954901.0,2,0.0,0
954904.0,0,2.0,0
954907.0,0,2.0,2
954910.0,2,0.0,1
954912.0,3,1.0,0
954914.0,3,3.0,2
954916.0,5,0.0,1
954917.0,0,3.0,2
954918.0,3,2.0,1
954922.0,5,4.0,2
954923.0,3,0.0,0
954928.0,0,1.0,2
954929.0,0,3.0,2
954930.0,2,4.0,1
954935.0,2,2.0,2
954942.0,5,1.0,1
954943.0,5,1.0,2
954945.0,1,2.0,1
954947.0,0,0.0,1
954949.0,3,3.0,2
954950.0,2,2.0,3
954954.0,5,4.0,3
954959.0,0,1.0,0
954962.0,5,0.0,0
954965.0,3,1.0,0
954969.0,2,3.0,0
954981.0,2,2.0,1
954983.0,2,2.0,1
954985.0,0,3.0,1
954986.0,3,2.0,1
954988.0,5,4.0,1
954989.0,0,3.0,0
954991.0,2,1.0,0
954993.0,3,0.0,2
954995.0,3,1.0,2
954998.0,5,1.0,2
954999.0,3,1.0,2
955000.0,0,1.0,0
955003.0,5,0.0,1
955006.0,3,0.0,1
955007.0,5,1.0,2
955008.0,6,0.0,0
955012.0,3,1.0,3
955013.0,0,2.0,1
955014.0,2,1.0,0
955015.0,3,3.0,0
955018.0,2,0.0,0
955019.0,2,0.0,0
955020.0,0,2.0,0
955031.0,0,4.0,0
955032.0,5,1.0,3
955034.0,5,5.0,0
955037.0,0,2.0,0
955041.0,3,1.0,2
955046.0,3,1.0,1
955047.0,6,2.0,0
955048.0,1,2.0,0
955051.0,2,2.0,2
955052.0,3,0.0,1
955053.0,5,4.0,1
955059.0,2,3.0,2
955061.0,3,1.0,1
955062.0,5,0.0,2
955064.0,5,0.0,2
955068.0,3,0.0,2
955073.0,3,1.0,2
955076.0,5,0.0,2
955077.0,0,1.0,1
955079.0,3,0.0,1
955083.0,3,1.0,3
955084.0,5,1.0,1
955087.0,1,0.0,0
955088.0,3,1.0,2
955091.0,5,0.0,2
955092.0,3,1.0,4
955093.0,3,1.0,1
955095.0,2,4.0,2
955097.0,2,2.0,1
955098.0,3,0.0,2
955099.0,5,0.0,1
955102.0,5,4.0,0
955107.0,0,2.0,2
955109.0,0,0.0,2
955110.0,5,1.0,0
955113.0,0,4.0,2
955114.0,0,1.0,0
955118.0,5,1.0,2
955123.0,1,1.0,2
955127.0,2,2.0,4
955131.0,2,2.0,4
955132.0,5,1.0,2
955134.0,3,1.0,3
955138.0,5,1.0,0
955139.0,3,1.0,4
955141.0,5,0.0,0
955143.0,0,2.0,3
955145.0,3,0.0,2
955148.0,3,1.0,0
955150.0,5,3.0,0
955153.0,2,2.0,0
955155.0,3,3.0,1
955159.0,5,3.0,0
955160.0,2,1.0,0
955162.0,2,0.0,2
955166.0,0,3.0,2
955167.0,2,4.0,1
955169.0,2,2.0,3
955170.0,2,1.0,0
955173.0,5,4.0,3
955174.0,2,1.0,0
955179.0,3,1.0,0
955181.0,2,0.0,0
955183.0,5,0.0,3
955184.0,0,2.0,2
955186.0,5,1.0,1
955190.0,2,0.0,2
955192.0,5,1.0,2
955199.0,5,3.0,0
955200.0,0,0.0,2
955201.0,3,1.0,3
955202.0,5,2.0,1
955203.0,3,1.0,0
955204.0,5,0.0,0
955205.0,9,0.0,0
955209.0,3,2.0,1
955210.0,3,1.0,0
955218.0,2,3.0,2
955223.0,5,0.0,3
955224.0,3,3.0,1
955225.0,10,0.0,0
955228.0,0,2.0,2
955232.0,2,2.0,2
955233.0,2,4.0,2
955243.0,5,1.0,0
955245.0,5,4.0,1
955246.0,5,4.0,0
955248.0,2,1.0,0
955252.0,5,0.0,4
955262.0,2,0.0,1
955268.0,3,1.0,4
955270.0,1,1.0,1
955271.0,5,2.0,0
955276.0,2,0.0,0
955277.0,5,1.0,2
955278.0,5,3.0,1
955283.0,5,4.0,1
955286.0,2,1.0,1
955294.0,1,2.0,0
955297.0,0,3.0,1
955300.0,3,3.0,2
955303.0,3,1.0,4
955304.0,3,0.0,0
955305.0,3,1.0,0
955308.0,5,0.0,2
955313.0,5,0.0,1
955316.0,2,0.0,0
955317.0,5,5.0,1
955320.0,2,3.0,0
955322.0,5,3.0,1
955324.0,5,0.0,2
955325.0,1,0.0,0
955326.0,2,3.0,1
955328.0,5,1.0,1
955329.0,0,1.0,2
955331.0,3,2.0,0
955334.0,2,0.0,2
955337.0,5,1.0,0
955340.0,3,1.0,2
955342.0,5,1.0,1
955344.0,5,1.0,0
955351.0,5,0.0,3
955354.0,5,1.0,0
955355.0,2,0.0,0
955356.0,5,4.0,1
955359.0,2,4.0,3
955361.0,3,1.0,0
955367.0,0,2.0,2
955370.0,0,3.0,4
955372.0,5,0.0,3
955373.0,2,2.0,1
955374.0,5,0.0,3
955375.0,5,1.0,0
955376.0,3,2.0,1
955378.0,2,2.0,4
955380.0,2,2.0,0
955382.0,3,2.0,0
955383.0,3,1.0,4
955385.0,2,2.0,1
955393.0,5,4.0,0
955394.0,5,1.0,2
955395.0,3,1.0,3
955397.0,2,3.0,0
955402.0,5,1.0,0
955403.0,5,2.0,0
955404.0,3,2.0,0
955405.0,3,0.0,2
955407.0,3,1.0,0
955408.0,3,1.0,4
955409.0,2,2.0,2
955412.0,5,1.0,2
955414.0,3,0.0,1
955416.0,5,0.0,3
955418.0,0,4.0,2
955419.0,3,3.0,0
955420.0,0,2.0,3
955426.0,3,1.0,0
955429.0,0,3.0,2
955430.0,2,2.0,3
955433.0,2,0.0,1
955434.0,3,1.0,0
955438.0,2,1.0,1
955440.0,3,1.0,2
955441.0,3,1.0,3
955444.0,5,0.0,3
955447.0,2,3.0,0
955449.0,0,2.0,2
955452.0,0,4.0,2
955453.0,3,0.0,3
955455.0,3,3.0,2
955459.0,0,4.0,0
955463.0,5,4.0,3
955465.0,5,4.0,2
955468.0,5,1.0,0
955470.0,5,0.0,2
955471.0,1,3.0,0
955472.0,0,4.0,1
955475.0,3,0.0,0
955480.0,5,5.0,2
955482.0,2,2.0,1
955485.0,5,1.0,0
955489.0,3,1.0,4
955490.0,3,0.0,0
955491.0,0,1.0,1
955492.0,2,4.0,1
955493.0,5,0.0,2
955494.0,5,1.0,0
955496.0,0,2.0,3
955499.0,2,2.0,3
955501.0,0,2.0,1
955502.0,0,2.0,1
955504.0,3,1.0,2
955505.0,2,0.0,0
955507.0,3,2.0,0
955513.0,5,5.0,3
955514.0,3,1.0,1
955517.0,2,4.0,3
955518.0,5,4.0,3
955519.0,2,0.0,2
955520.0,5,0.0,1
955524.0,5,1.0,2
955525.0,3,2.0,1
955527.0,3,1.0,3
955534.0,1,1.0,1
955536.0,5,1.0,2
955537.0,3,3.0,1
955542.0,0,1.0,3
955543.0,0,4.0,2
955545.0,3,1.0,0
955548.0,2,0.0,0
955551.0,2,4.0,2
955554.0,5,4.0,2
955555.0,5,0.0,1
955557.0,5,4.0,1
955561.0,2,2.0,1
955564.0,2,1.0,0
955566.0,2,3.0,2
955568.0,5,0.0,1
955573.0,2,0.0,1
955574.0,3,3.0,2
955575.0,3,1.0,0
955576.0,5,1.0,1
955577.0,5,1.0,0
955579.0,0,0.0,1
955586.0,0,3.0,1
955589.0,3,3.0,2
955590.0,2,1.0,0
955591.0,0,0.0,1
955594.0,2,3.0,2
955596.0,2,0.0,0
955601.0,5,0.0,2
955609.0,0,3.0,1
955612.0,3,0.0,2
955617.0,5,1.0,0
955619.0,5,1.0,0
955620.0,5,4.0,3
955621.0,2,2.0,2
955622.0,5,1.0,0
955625.0,2,2.0,0
955628.0,0,4.0,1
955630.0,5,0.0,3
955633.0,3,0.0,2
955634.0,3,2.0,0
955635.0,0,4.0,1
955636.0,0,4.0,1
955638.0,0,3.0,2
955639.0,3,1.0,1
955640.0,2,1.0,2
955641.0,5,0.0,1
955644.0,5,0.0,0
955645.0,0,1.0,0
955646.0,2,0.0,0
955648.0,3,1.0,3
955649.0,0,2.0,0
955653.0,5,1.0,1
955655.0,3,1.0,1
955657.0,3,0.0,0
955659.0,5,1.0,0
955660.0,2,0.0,0
955662.0,0,0.0,3
955665.0,3,1.0,1
955666.0,3,1.0,1
955668.0,3,2.0,1
955674.0,4,1.0,0
955676.0,1,1.0,2
955678.0,2,1.0,0
955679.0,5,4.0,3
955686.0,3,1.0,1
955691.0,3,1.0,0
955697.0,2,1.0,1
955698.0,0,2.0,1
955699.0,0,0.0,3
955701.0,5,1.0,2
955706.0,0,3.0,2
955707.0,3,1.0,0
955708.0,5,0.0,3
955711.0,3,1.0,1
955712.0,0,4.0,2
955716.0,3,1.0,3
955718.0,5,1.0,1
955730.0,0,1.0,3
955733.0,2,1.0,0
955734.0,2,0.0,1
955735.0,0,3.0,2
955739.0,3,1.0,0
955749.0,0,1.0,3
955752.0,2,2.0,3
955754.0,3,3.0,0
955757.0,0,2.0,3
955761.0,5,2.0,1
955763.0,2,0.0,0
955766.0,3,1.0,0
955767.0,0,1.0,0
955768.0,2,3.0,2
955769.0,0,0.0,3
955772.0,2,0.0,2
955775.0,0,4.0,1
955776.0,3,1.0,4
955781.0,5,3.0,2
955784.0,5,5.0,0
955785.0,0,4.0,2
955786.0,2,0.0,3
955787.0,2,1.0,1
955788.0,3,3.0,2
955789.0,1,1.0,2
955795.0,5,1.0,0
955800.0,3,1.0,2
955801.0,5,1.0,1
955809.0,0,1.0,0
955811.0,0,4.0,2
955812.0,0,1.0,0
955814.0,2,1.0,0
955817.0,6,1.0,1
955818.0,1,2.0,2
955819.0,0,2.0,3
955820.0,5,2.0,1
955821.0,5,3.0,0
955823.0,2,0.0,3
955827.0,0,2.0,1
955828.0,5,3.0,1
955830.0,5,0.0,0
955831.0,5,0.0,0
955832.0,0,4.0,2
955834.0,5,1.0,0
955836.0,3,1.0,0
955837.0,3,3.0,2
955839.0,5,0.0,1
955842.0,0,3.0,0
955849.0,5,0.0,2
955850.0,2,4.0,1
955854.0,2,4.0,0
955855.0,5,0.0,0
955857.0,3,1.0,1
955859.0,2,4.0,2
955860.0,0,2.0,2
955861.0,3,2.0,0
955862.0,5,1.0,0
955866.0,5,3.0,0
955867.0,3,2.0,1
955868.0,2,4.0,2
955869.0,1,2.0,1
955873.0,5,1.0,1
955874.0,5,0.0,0
955875.0,0,2.0,2
955877.0,5,0.0,1
955878.0,0,2.0,2
955879.0,2,0.0,2
955880.0,5,3.0,1
955885.0,5,0.0,1
955890.0,0,0.0,2
955891.0,2,1.0,0
955893.0,3,0.0,3
955894.0,3,2.0,0
955895.0,5,0.0,1
955896.0,0,1.0,3
955897.0,3,2.0,0
955900.0,5,3.0,0
955903.0,3,1.0,0
955905.0,3,2.0,0
955906.0,2,2.0,2
955918.0,2,3.0,0
955919.0,5,0.0,2
955920.0,5,4.0,0
955927.0,0,0.0,2
955932.0,5,4.0,0
955935.0,2,1.0,1
955938.0,0,3.0,1
955940.0,2,0.0,0
955942.0,2,0.0,0
955943.0,0,4.0,1
955945.0,0,4.0,0
955948.0,3,0.0,1
955953.0,5,1.0,2
955954.0,2,3.0,2
955957.0,3,2.0,1
955958.0,2,3.0,0
955962.0,2,0.0,0
955965.0,3,3.0,2
955969.0,2,3.0,2
955973.0,2,2.0,1
955974.0,0,1.0,1
955975.0,5,1.0,2
955979.0,0,1.0,1
955980.0,5,1.0,1
955981.0,3,0.0,1
955982.0,5,1.0,2
955984.0,3,1.0,2
955988.0,5,4.0,3
955989.0,5,0.0,0
955991.0,2,2.0,2
955992.0,0,0.0,2
955993.0,3,1.0,4
955994.0,5,4.0,3
956000.0,3,1.0,2
956002.0,3,3.0,2
956003.0,5,5.0,3
956004.0,2,1.0,1
956005.0,5,1.0,1
956006.0,2,2.0,2
956007.0,2,0.0,2
956011.0,11,0.0,
956017.0,2,2.0,2
956022.0,1,0.0,1
956023.0,0,2.0,3
956026.0,5,1.0,1
956028.0,5,1.0,3
956029.0,0,2.0,3
956030.0,5,1.0,0
956034.0,2,4.0,2
956035.0,5,1.0,0
956036.0,0,4.0,2
956041.0,2,4.0,0
956045.0,12,0.0,
956049.0,5,1.0,1
956053.0,3,1.0,1
956054.0,3,2.0,0
956059.0,2,0.0,0
956060.0,0,4.0,0
956061.0,2,2.0,3
956062.0,2,0.0,2
956063.0,1,1.0,2
956064.0,5,1.0,0
956070.0,3,0.0,2
956072.0,5,4.0,2
956073.0,0,2.0,0
956074.0,3,0.0,0
956075.0,2,2.0,2
956076.0,3,1.0,2
956080.0,0,2.0,1
956083.0,5,5.0,3
956085.0,3,1.0,0
956088.0,3,1.0,0
956090.0,3,0.0,2
956093.0,6,3.0,0
956099.0,0,0.0,3
956100.0,1,1.0,3
956102.0,5,0.0,0
956107.0,5,2.0,0
956109.0,0,4.0,2
956111.0,2,1.0,1
956112.0,0,2.0,3
956113.0,3,1.0,1
956117.0,5,1.0,0
956119.0,5,2.0,2
956120.0,2,2.0,0
956122.0,5,1.0,1
956123.0,3,1.0,2
956124.0,5,0.0,4
956125.0,3,1.0,2
956129.0,1,2.0,1
956130.0,3,1.0,0
956131.0,2,4.0,0
956132.0,5,4.0,1
956134.0,2,4.0,0
956136.0,3,2.0,1
956138.0,5,2.0,1
956139.0,5,1.0,3
956143.0,5,1.0,0
956144.0,5,1.0,0
956145.0,5,1.0,0
956150.0,3,1.0,2
956154.0,5,1.0,1
956155.0,1,0.0,0
956160.0,2,2.0,1
956161.0,0,2.0,2
956162.0,3,1.0,0
956166.0,5,5.0,0
956167.0,2,2.0,2
956168.0,3,1.0,1
956172.0,1,1.0,0
956177.0,5,2.0,0
956187.0,0,4.0,1
956190.0,2,2.0,3
956193.0,0,3.0,2
956198.0,3,1.0,3
956200.0,5,2.0,0
956201.0,0,0.0,2
956205.0,5,3.0,0
956206.0,0,2.0,2
956208.0,5,3.0,0
956209.0,0,1.0,0
956210.0,3,1.0,3
956211.0,2,1.0,0
956213.0,1,1.0,3
956216.0,0,3.0,1
956220.0,5,3.0,1
956228.0,5,0.0,3
956229.0,2,1.0,0
956230.0,5,0.0,3
956231.0,13,0.0,
956234.0,3,3.0,1
956235.0,2,2.0,1
956236.0,2,2.0,3
956237.0,5,0.0,2
956238.0,0,2.0,2
956241.0,2,4.0,2
956243.0,2,1.0,1
956245.0,5,1.0,1
956247.0,5,0.0,4
956248.0,3,3.0,0
956251.0,3,3.0,0
956252.0,0,2.0,1
956256.0,3,2.0,0
956258.0,5,1.0,1
956263.0,5,3.0,1
956264.0,0,2.0,2
956269.0,5,1.0,0
956278.0,1,0.0,0
956279.0,3,0.0,0
956281.0,0,4.0,1
956282.0,3,0.0,3
956292.0,3,1.0,0
956293.0,2,0.0,0
956295.0,6,0.0,1
956297.0,3,1.0,0
956299.0,5,0.0,0
956300.0,1,1.0,3
956304.0,3,1.0,0
956308.0,3,0.0,2
956310.0,5,1.0,0
956311.0,3,0.0,2
956313.0,1,2.0,0
956318.0,5,1.0,1
956319.0,2,4.0,0
956322.0,3,1.0,2
956326.0,5,1.0,3
956328.0,0,3.0,2
956331.0,3,1.0,1
956333.0,5,1.0,0
956338.0,2,2.0,2
956339.0,0,2.0,3
956341.0,2,1.0,0
956342.0,2,0.0,2
956343.0,3,3.0,2
956345.0,2,1.0,0
956346.0,5,1.0,1
956349.0,0,0.0,2
956350.0,0,2.0,1
956351.0,5,5.0,3
956354.0,3,0.0,3
956361.0,1,2.0,0
956362.0,2,0.0,1
956363.0,3,3.0,2
956367.0,1,1.0,3
956369.0,0,2.0,0
956370.0,3,1.0,2
956372.0,0,3.0,0
956375.0,1,0.0,1
956380.0,5,1.0,1
956381.0,2,2.0,1
956387.0,3,1.0,2
956388.0,3,0.0,0
956389.0,3,1.0,4
956390.0,5,3.0,1
956393.0,5,0.0,3
956394.0,0,3.0,2
956395.0,5,0.0,0
956397.0,3,1.0,4
956403.0,3,1.0,1
956418.0,14,0.0,
956420.0,0,2.0,2
956421.0,5,4.0,0
956425.0,2,0.0,2
956428.0,5,4.0,3
956429.0,5,1.0,2
956430.0,5,1.0,2
956432.0,3,1.0,3
956434.0,2,0.0,0
956437.0,5,1.0,0
956439.0,2,1.0,0
956440.0,2,1.0,0
956441.0,5,0.0,3
956443.0,5,0.0,2
956444.0,2,2.0,1
956449.0,5,1.0,0
956450.0,1,1.0,1
956451.0,5,4.0,1
956455.0,5,0.0,1
956456.0,0,1.0,0
956458.0,1,0.0,0
956459.0,5,3.0,0
956461.0,3,1.0,4
956462.0,2,2.0,1
956464.0,3,2.0,1
956468.0,3,1.0,1
956470.0,5,4.0,1
956473.0,0,2.0,0
956475.0,1,0.0,0
956476.0,1,1.0,3
956480.0,3,1.0,0
956481.0,0,4.0,1
956482.0,3,1.0,2
956486.0,0,1.0,1
956492.0,5,1.0,0
956493.0,3,1.0,2
956494.0,5,1.0,1
956495.0,5,1.0,0
956496.0,6,2.0,0
956499.0,5,2.0,0
956501.0,0,4.0,2
956504.0,3,1.0,0
956505.0,2,3.0,0
956507.0,5,0.0,0
956508.0,2,1.0,1
956509.0,2,1.0,1
956511.0,5,1.0,1
956512.0,5,4.0,3
956513.0,2,0.0,2
956515.0,2,2.0,3
956516.0,3,1.0,2
956520.0,2,1.0,0
956524.0,3,1.0,4
956531.0,5,1.0,1
956533.0,0,0.0,0
956534.0,2,2.0,0
956535.0,2,0.0,0
956538.0,3,0.0,3
956539.0,5,0.0,2
956540.0,1,3.0,0
956546.0,5,5.0,0
956547.0,3,2.0,0
956551.0,3,3.0,0
956553.0,5,4.0,0
956554.0,2,1.0,0
956555.0,2,0.0,0
956556.0,5,0.0,4
956558.0,5,0.0,2
956566.0,5,2.0,0
956567.0,2,0.0,0
956572.0,0,2.0,1
956576.0,5,0.0,2
956577.0,2,3.0,0
956579.0,3,1.0,0
956581.0,3,1.0,4
956584.0,5,5.0,2
956585.0,2,2.0,2
956586.0,0,0.0,3
956588.0,1,3.0,1
956594.0,2,4.0,2
956598.0,2,0.0,2
956602.0,0,0.0,3
956605.0,3,3.0,0
956608.0,2,0.0,0
956609.0,5,1.0,0
956610.0,0,1.0,1
956613.0,3,3.0,1
956614.0,2,4.0,0
956619.0,0,4.0,0
956621.0,2,3.0,2
956623.0,5,1.0,1
956624.0,5,1.0,1
956625.0,0,1.0,1
956626.0,5,0.0,1
956627.0,0,3.0,1
956628.0,0,2.0,3
956629.0,0,2.0,2
956631.0,0,1.0,3
956633.0,1,3.0,0
956634.0,0,4.0,1
956638.0,3,2.0,0
956642.0,5,4.0,3
956645.0,0,2.0,1
956646.0,5,0.0,2
956648.0,0,2.0,3
956652.0,5,5.0,1
956661.0,0,4.0,1
956666.0,5,3.0,0
956668.0,2,1.0,1
956671.0,3,1.0,0
956673.0,5,1.0,0
956674.0,1,1.0,2
956676.0,5,0.0,1
956678.0,3,1.0,0
956685.0,0,2.0,3
956687.0,3,1.0,2
956692.0,6,0.0,0
956703.0,0,2.0,1
956707.0,0,0.0,2
956710.0,0,2.0,1
956711.0,5,1.0,2
956717.0,5,1.0,0
956724.0,2,0.0,0
956728.0,2,3.0,2
956730.0,3,1.0,3
956732.0,2,2.0,4
956733.0,3,2.0,0
956736.0,5,0.0,1
956739.0,0,2.0,1
956740.0,0,4.0,2
956746.0,5,0.0,1
956747.0,1,3.0,1
956750.0,0,2.0,0
956751.0,3,1.0,4
956756.0,2,1.0,1
956757.0,3,1.0,0
956758.0,2,0.0,1
956759.0,2,4.0,0
956762.0,2,0.0,0
956766.0,0,2.0,2
956768.0,0,2.0,3
956771.0,0,2.0,1
956772.0,2,3.0,1
956775.0,3,3.0,2
956784.0,5,1.0,0
956786.0,0,2.0,2
956787.0,3,1.0,0
956788.0,0,3.0,2
956789.0,2,4.0,0
956790.0,5,1.0,0
956791.0,5,3.0,1
956793.0,0,2.0,1
956794.0,0,1.0,0
956797.0,5,1.0,0
956802.0,2,2.0,3
956803.0,3,2.0,1
956804.0,3,3.0,2
956807.0,0,2.0,3
956808.0,2,0.0,2
956817.0,0,2.0,2
956820.0,0,1.0,3
956821.0,3,1.0,0
956822.0,5,0.0,0
956824.0,3,0.0,1
956827.0,2,1.0,1
956830.0,2,2.0,2
956831.0,2,2.0,3
956832.0,2,0.0,3
956833.0,2,1.0,1
956835.0,5,1.0,0
956836.0,5,1.0,0
956839.0,2,1.0,1
956842.0,3,1.0,2
956843.0,2,3.0,2
956847.0,5,1.0,4
956848.0,5,0.0,1
956852.0,0,1.0,3
956854.0,2,0.0,0
956855.0,2,2.0,1
956857.0,2,4.0,0
956858.0,3,1.0,3
956859.0,0,4.0,0
956861.0,3,1.0,0
956863.0,5,0.0,0
956864.0,0,1.0,2
956865.0,3,1.0,4
956866.0,5,2.0,1
956871.0,0,4.0,2
956873.0,2,1.0,0
956874.0,2,1.0,1
956875.0,2,3.0,2
956876.0,3,1.0,2
956877.0,3,3.0,2
956878.0,3,1.0,0
956879.0,3,0.0,0
956883.0,0,4.0,1
956886.0,5,1.0,0
956888.0,5,4.0,0
956892.0,5,4.0,2
956899.0,5,0.0,2
956901.0,3,2.0,1
956903.0,0,4.0,0
956906.0,3,3.0,0
956909.0,5,0.0,1
956911.0,3,2.0,0
956914.0,3,0.0,2
956916.0,5,5.0,0
956918.0,0,2.0,3
956920.0,5,1.0,0
956923.0,5,1.0,0
956927.0,5,1.0,0
956929.0,0,1.0,2
956931.0,2,0.0,3
956934.0,3,1.0,4
956935.0,2,2.0,2
956936.0,2,0.0,2
956943.0,2,2.0,3
956945.0,5,1.0,2
956947.0,0,0.0,3
956948.0,5,0.0,1
956949.0,5,1.0,2
956950.0,3,1.0,0
956952.0,5,1.0,2
956953.0,5,1.0,3
956960.0,0,2.0,3
956962.0,0,3.0,0
956964.0,2,0.0,0
956966.0,3,2.0,0
956970.0,2,2.0,1
956971.0,2,0.0,0
956973.0,5,1.0,1
956974.0,0,3.0,0
956975.0,0,1.0,3
956990.0,2,2.0,1
956991.0,3,3.0,2
956994.0,5,0.0,0
956997.0,3,1.0,1
956999.0,6,1.0,0
957000.0,5,1.0,0
957001.0,3,0.0,0
957003.0,5,1.0,0
957004.0,2,1.0,0
957005.0,5,2.0,0
957006.0,2,0.0,0
957007.0,0,3.0,0
957009.0,3,1.0,1
957010.0,15,0.0,
957011.0,3,3.0,2
957014.0,5,1.0,1
957015.0,5,0.0,1
957017.0,2,0.0,2
957020.0,5,3.0,0
957021.0,0,2.0,3
957022.0,2,2.0,0
957023.0,5,2.0,1
957024.0,5,1.0,1
957027.0,5,1.0,1
957028.0,2,0.0,2
957032.0,5,1.0,0
957035.0,0,2.0,3
957037.0,2,3.0,0
957038.0,2,0.0,3
957039.0,3,1.0,4
957040.0,5,1.0,2
957041.0,3,3.0,2
957042.0,3,1.0,1
957044.0,5,3.0,0
957045.0,2,0.0,2
957050.0,2,0.0,0
957051.0,5,4.0,0
957053.0,5,1.0,0
957057.0,3,3.0,2
957058.0,2,1.0,1
957060.0,2,2.0,3
957064.0,2,0.0,0
957065.0,3,1.0,3
957067.0,2,4.0,0
957071.0,5,0.0,2
957072.0,0,4.0,1
957074.0,2,4.0,2
957076.0,2,0.0,1
957078.0,2,1.0,0
957082.0,5,0.0,1
957085.0,0,1.0,3
957086.0,2,0.0,1
957089.0,3,2.0,0
957092.0,5,4.0,3
957094.0,3,2.0,0
957100.0,3,1.0,1
957103.0,5,0.0,3
957105.0,0,2.0,1
957107.0,0,2.0,3
957108.0,0,0.0,2
957110.0,3,3.0,0
957112.0,2,2.0,4
957115.0,0,1.0,0
957121.0,1,0.0,1
957123.0,3,0.0,2
957124.0,5,0.0,3
957126.0,3,1.0,2
957128.0,5,1.0,0
957129.0,0,2.0,3
957130.0,5,1.0,0
957137.0,5,4.0,0
957138.0,0,4.0,2
957140.0,0,4.0,0
957142.0,0,2.0,3
957144.0,0,0.0,3
957145.0,5,0.0,1
957146.0,5,3.0,0
957149.0,2,2.0,1
957151.0,2,3.0,2
957152.0,3,0.0,2
957154.0,5,4.0,1
957155.0,0,1.0,0
957157.0,2,3.0,0
957158.0,0,1.0,3
957161.0,2,2.0,1
957164.0,5,1.0,1
957166.0,3,1.0,3
957169.0,6,0.0,1
957178.0,5,4.0,3
957179.0,0,1.0,0
957182.0,2,3.0,2
957184.0,3,0.0,2
957187.0,0,2.0,1
957192.0,0,2.0,1
957193.0,5,1.0,1
957195.0,2,2.0,2
957196.0,0,4.0,0
957197.0,2,4.0,0
957199.0,1,2.0,1
957201.0,0,3.0,3
957202.0,0,1.0,0
957204.0,6,1.0,0
957207.0,5,0.0,2
957210.0,1,2.0,0
957214.0,3,1.0,0
957219.0,0,2.0,2
957222.0,5,0.0,4
957230.0,2,3.0,1
957232.0,3,3.0,2
957236.0,3,0.0,0
957237.0,2,0.0,0
957239.0,3,2.0,1
957240.0,2,1.0,1
957242.0,5,2.0,0
957243.0,5,0.0,3
957247.0,3,1.0,0
957254.0,5,4.0,1
957257.0,3,1.0,2
957258.0,2,1.0,0
957260.0,2,0.0,3
957261.0,5,0.0,0
957263.0,0,4.0,1
957267.0,5,0.0,3
957270.0,3,0.0,1
957275.0,2,0.0,0
957278.0,1,1.0,2
957279.0,3,1.0,1
957283.0,0,3.0,0
957284.0,3,0.0,1
957290.0,3,2.0,0
957291.0,5,0.0,2
957295.0,2,2.0,1
957296.0,3,1.0,0
957299.0,2,2.0,2
957301.0,0,0.0,1
957302.0,3,1.0,0
957303.0,5,1.0,0
957309.0,0,1.0,3
957310.0,5,0.0,3
957311.0,3,1.0,1
957316.0,2,1.0,0
957317.0,5,0.0,1
957322.0,2,3.0,1
957323.0,2,4.0,0
957324.0,3,0.0,0
957325.0,3,2.0,0
957326.0,5,0.0,1
957327.0,2,2.0,2
957328.0,0,3.0,4
957329.0,5,1.0,2
957330.0,3,2.0,1
957335.0,5,0.0,0
957336.0,3,1.0,4
957338.0,5,0.0,1
957339.0,16,0.0,
957340.0,5,0.0,3
957342.0,5,2.0,1
957345.0,2,0.0,2
957353.0,5,2.0,1
957354.0,2,2.0,2
957357.0,3,3.0,0
957361.0,5,0.0,2
957368.0,3,1.0,0
957374.0,5,3.0,0
957377.0,2,0.0,0
957378.0,2,1.0,0
957380.0,0,1.0,2
957389.0,5,1.0,1
957390.0,0,2.0,0
957391.0,3,1.0,1
957392.0,5,1.0,2
957393.0,2,4.0,2
957399.0,5,4.0,2
957400.0,3,1.0,0
957402.0,3,1.0,4
957406.0,5,4.0,2
957410.0,2,0.0,1
957411.0,0,2.0,3
957412.0,1,1.0,3
957415.0,2,1.0,1
957417.0,6,1.0,0
957418.0,5,3.0,0
957419.0,2,0.0,0
957420.0,3,0.0,1
957422.0,2,4.0,0
957425.0,5,0.0,1
957427.0,3,3.0,2
957428.0,5,0.0,3
957429.0,0,1.0,0
957431.0,2,4.0,0
957432.0,3,1.0,3
957433.0,3,1.0,0
957434.0,2,0.0,2
957436.0,2,0.0,1
957437.0,0,2.0,2
957438.0,0,1.0,3
957439.0,5,3.0,0
957440.0,0,3.0,1
957442.0,2,0.0,1
957444.0,3,0.0,0
957445.0,2,0.0,0
957449.0,2,2.0,0
957452.0,0,4.0,2
957455.0,5,0.0,1
957457.0,3,1.0,0
957460.0,2,3.0,0
957461.0,5,2.0,0
957463.0,0,2.0,3
957464.0,2,1.0,1
957466.0,2,2.0,0
957468.0,2,1.0,0
957473.0,0,4.0,0
957474.0,2,1.0,0
957477.0,1,0.0,1
957478.0,5,0.0,1
957480.0,0,4.0,0
957484.0,0,1.0,0
957490.0,5,2.0,1
957494.0,4,1.0,0
957498.0,5,1.0,0
957499.0,3,1.0,0
957504.0,2,0.0,0
957506.0,0,2.0,3
957511.0,5,0.0,0
957512.0,0,3.0,1
957519.0,2,1.0,1
957531.0,3,3.0,2
957533.0,2,1.0,0
957534.0,5,0.0,1
957535.0,5,1.0,0
957537.0,0,2.0,1
957539.0,2,2.0,3
957540.0,5,1.0,2
957545.0,2,0.0,2
957547.0,3,1.0,0
957549.0,0,2.0,2
957552.0,2,1.0,0
957556.0,0,1.0,2
957558.0,5,0.0,1
957559.0,3,2.0,1
957562.0,3,0.0,0
957565.0,0,4.0,1
957566.0,2,2.0,3
957569.0,5,0.0,0
957570.0,2,1.0,1
957571.0,5,4.0,0
957572.0,5,0.0,1
957573.0,2,2.0,0
957574.0,5,1.0,2
957575.0,5,4.0,1
957577.0,3,1.0,4
957579.0,5,1.0,2
957581.0,0,0.0,1
957585.0,5,0.0,0
957587.0,0,1.0,3
957588.0,5,4.0,1
957590.0,0,2.0,3
957594.0,2,1.0,0
957596.0,3,1.0,1
957597.0,5,1.0,1
957598.0,3,1.0,0
957601.0,5,4.0,3
957602.0,3,3.0,0
957605.0,2,3.0,2
957606.0,5,1.0,0
957608.0,5,1.0,3
957609.0,0,1.0,0
957610.0,2,2.0,4
957611.0,5,1.0,4
957612.0,5,1.0,1
957615.0,5,4.0,2
957617.0,0,4.0,0
957619.0,0,2.0,3
957620.0,2,3.0,0
957621.0,5,0.0,3
957622.0,2,1.0,0
957623.0,2,3.0,0
957625.0,3,1.0,3
957626.0,0,2.0,3
957628.0,0,2.0,3
957634.0,0,3.0,2
957635.0,5,1.0,0
957636.0,0,2.0,3
957637.0,0,4.0,2
957644.0,5,3.0,0
957651.0,2,3.0,1
957653.0,3,3.0,2
957654.0,0,3.0,2
957656.0,3,1.0,1
957657.0,5,0.0,3
957662.0,2,3.0,2
957665.0,5,2.0,2
957668.0,5,4.0,1
957669.0,0,2.0,3
957674.0,5,0.0,2
957678.0,0,3.0,1
957679.0,2,1.0,0
957687.0,0,2.0,2
957692.0,3,1.0,0
957693.0,5,1.0,1
957695.0,2,0.0,1
957698.0,5,1.0,2
957699.0,3,1.0,4
957701.0,5,1.0,0
957707.0,5,1.0,0
957711.0,3,1.0,0
957716.0,3,3.0,1
957721.0,0,3.0,2
957722.0,5,3.0,0
957724.0,0,2.0,0
957725.0,3,1.0,4
957727.0,3,1.0,4
957728.0,0,2.0,2
957730.0,2,2.0,3
957734.0,2,4.0,2
957735.0,3,3.0,0
957739.0,0,2.0,1
957740.0,5,1.0,1
957743.0,2,2.0,1
957744.0,5,1.0,0
957745.0,3,3.0,0
957748.0,0,1.0,0
957750.0,2,1.0,0
957752.0,2,1.0,0
957754.0,6,1.0,1
957757.0,0,1.0,3
957758.0,3,1.0,0
957762.0,5,0.0,3
957763.0,5,0.0,4
957772.0,5,0.0,4
957773.0,3,2.0,0
957774.0,5,0.0,0
957775.0,3,2.0,0
957776.0,2,0.0,0
957777.0,3,0.0,1
957781.0,0,0.0,3
957782.0,5,1.0,2
957784.0,5,1.0,1
957787.0,1,3.0,1
957788.0,2,0.0,0
957791.0,3,1.0,2
957792.0,2,1.0,0
957794.0,5,1.0,0
957795.0,0,2.0,2
957799.0,0,4.0,1
957800.0,5,1.0,2
957801.0,0,0.0,3
957805.0,3,2.0,0
957806.0,3,1.0,1
957808.0,3,2.0,1
957810.0,5,4.0,3
957815.0,0,1.0,0
957817.0,0,0.0,1
957822.0,0,2.0,0
957823.0,3,3.0,2
957827.0,3,1.0,4
957828.0,1,3.0,1
957829.0,2,0.0,0
957832.0,5,0.0,2
957836.0,0,2.0,1
957838.0,2,3.0,0
957839.0,5,1.0,0
957841.0,0,2.0,3
957842.0,2,3.0,0
957844.0,0,2.0,2
957845.0,2,0.0,1
957847.0,0,2.0,1
957856.0,1,1.0,3
957860.0,2,3.0,0
957861.0,5,3.0,0
957862.0,5,1.0,2
957863.0,3,1.0,1
957868.0,5,0.0,2
957869.0,6,2.0,0
957871.0,2,2.0,0
957872.0,5,1.0,1
957874.0,2,0.0,0
957875.0,5,3.0,0
957876.0,5,0.0,1
957881.0,3,1.0,2
957882.0,5,1.0,0
957884.0,5,1.0,0
957886.0,2,0.0,1
957888.0,5,0.0,0
957890.0,3,2.0,0
957894.0,0,2.0,1
957897.0,5,2.0,1
957898.0,5,0.0,2
957907.0,3,1.0,2
957908.0,2,3.0,0
957909.0,3,0.0,3
957910.0,0,4.0,2
957911.0,3,1.0,4
957913.0,0,2.0,1
957914.0,3,1.0,2
957916.0,5,3.0,1
957917.0,5,0.0,2
957920.0,0,1.0,3
957922.0,5,0.0,3
957924.0,0,2.0,1
957927.0,3,1.0,2
957936.0,1,0.0,2
957941.0,5,1.0,2
957943.0,2,2.0,3
957944.0,5,0.0,1
957948.0,0,2.0,1
957950.0,3,2.0,1
957956.0,2,2.0,1
957963.0,5,5.0,2
957966.0,3,0.0,0
957968.0,2,1.0,0
957969.0,0,2.0,3
957971.0,3,0.0,3
957972.0,3,3.0,1
957974.0,2,4.0,2
957976.0,3,3.0,0
957978.0,2,2.0,3
957981.0,2,0.0,3
957983.0,3,1.0,3
957989.0,5,3.0,0
957990.0,2,4.0,1
957998.0,2,0.0,3
957999.0,0,2.0,3
958000.0,5,0.0,1
958001.0,5,0.0,3
958002.0,2,2.0,1
958005.0,5,4.0,2
958007.0,5,0.0,1
958009.0,2,1.0,0
958010.0,5,0.0,2
958011.0,3,3.0,0
958016.0,5,3.0,0
958017.0,2,1.0,0
958018.0,0,4.0,0
958019.0,0,3.0,4
958020.0,5,1.0,3
958021.0,5,0.0,0
958024.0,3,0.0,3
958027.0,0,3.0,1
958028.0,2,4.0,0
958029.0,0,2.0,0
958035.0,6,1.0,0
958038.0,3,2.0,0
958039.0,0,1.0,0
958040.0,3,1.0,0
958041.0,0,3.0,4
958044.0,5,1.0,1
958046.0,3,1.0,1
958047.0,0,3.0,2
958048.0,5,3.0,0
958051.0,0,1.0,1
958052.0,5,4.0,1
958055.0,2,3.0,1
958057.0,5,3.0,1
958059.0,5,0.0,1
958060.0,5,1.0,1
958061.0,2,0.0,1
958063.0,3,1.0,0
958064.0,0,2.0,1
958066.0,2,4.0,0
958068.0,3,3.0,0
958070.0,0,3.0,1
958071.0,2,0.0,0
958074.0,5,0.0,3
958075.0,5,4.0,0
958076.0,0,1.0,3
958083.0,0,1.0,0
958088.0,0,2.0,2
958090.0,2,2.0,0
958091.0,5,0.0,1
958092.0,1,1.0,1
958095.0,5,4.0,3
958098.0,2,1.0,0
958099.0,2,0.0,2
958103.0,2,3.0,2
958104.0,5,1.0,2
958105.0,2,3.0,0
958108.0,0,0.0,1
958109.0,5,1.0,0
958111.0,5,1.0,2
958112.0,0,4.0,2
958114.0,2,2.0,1
958116.0,5,4.0,3
958117.0,0,4.0,1
958118.0,0,0.0,2
958120.0,2,0.0,2
958122.0,5,1.0,1
958124.0,0,2.0,0
958126.0,2,2.0,1
958127.0,0,1.0,0
958134.0,2,4.0,0
958135.0,2,2.0,2
958136.0,3,1.0,4
958139.0,5,1.0,2
958141.0,2,4.0,2
958146.0,0,2.0,1
958147.0,3,1.0,4
958148.0,5,3.0,1
958151.0,3,1.0,4
958152.0,2,1.0,1
958153.0,0,0.0,1
958156.0,0,4.0,1
958157.0,3,0.0,0
958159.0,5,4.0,1
958160.0,5,0.0,1
958162.0,3,1.0,0
958171.0,5,0.0,3
958172.0,5,0.0,2
958178.0,3,3.0,0
958179.0,2,1.0,0
958182.0,2,1.0,0
958187.0,6,2.0,0
958188.0,5,3.0,0
958189.0,5,1.0,2
958192.0,5,2.0,0
958196.0,0,2.0,0
958200.0,2,1.0,1
958201.0,0,1.0,3
958203.0,3,1.0,0
958205.0,0,0.0,2
958209.0,0,4.0,0
958211.0,1,1.0,2
958212.0,0,2.0,1
958215.0,2,2.0,3
958216.0,2,3.0,2
958217.0,5,1.0,0
958219.0,3,1.0,0
958221.0,3,1.0,1
958227.0,2,3.0,0
958228.0,2,1.0,0
958236.0,3,2.0,0
958238.0,17,0.0,
958240.0,3,1.0,3
958242.0,2,1.0,0
958243.0,2,2.0,2
958247.0,5,1.0,1
958250.0,5,3.0,1
958252.0,0,3.0,2
958253.0,2,1.0,1
958255.0,1,1.0,2
958259.0,2,4.0,2
958262.0,5,0.0,1
958264.0,2,0.0,1
958265.0,0,0.0,3
958267.0,0,4.0,2
958269.0,5,0.0,2
958270.0,18,0.0,
958276.0,3,1.0,4
958277.0,5,0.0,2
958282.0,2,2.0,3
958286.0,3,1.0,4
958287.0,3,1.0,4
958296.0,2,1.0,2
958301.0,5,1.0,2
958302.0,3,1.0,1
958304.0,2,0.0,2
958305.0,5,1.0,0
958317.0,5,0.0,1
958318.0,5,0.0,1
958325.0,3,2.0,0
958326.0,5,1.0,2
958330.0,2,1.0,1
958332.0,1,3.0,0
958334.0,0,3.0,0
958335.0,5,1.0,0
958337.0,5,0.0,1
958341.0,3,1.0,4
958342.0,5,1.0,0
958343.0,2,1.0,0
958345.0,2,1.0,0
958349.0,0,3.0,0
958350.0,0,2.0,1
958354.0,0,4.0,2
958355.0,5,1.0,2
958357.0,0,0.0,3
958361.0,5,0.0,1
958363.0,5,1.0,0
958364.0,0,3.0,2
958368.0,0,1.0,0
958372.0,2,1.0,0
958373.0,5,0.0,0
958374.0,3,2.0,0
958376.0,0,4.0,1
958380.0,2,0.0,1
958381.0,2,1.0,1
958382.0,2,2.0,2
958384.0,5,2.0,0
958388.0,1,3.0,0
958391.0,2,1.0,1
958397.0,1,2.0,0
958398.0,0,4.0,2
958402.0,0,2.0,3
958403.0,0,2.0,3
958407.0,0,0.0,2
958408.0,0,4.0,2
958410.0,2,3.0,0
958411.0,2,1.0,2
958414.0,2,1.0,0
958417.0,5,1.0,0
958423.0,2,0.0,3
958426.0,2,2.0,2
958429.0,0,2.0,0
958432.0,0,1.0,1
958434.0,1,0.0,1
958435.0,0,3.0,2
958436.0,5,0.0,3
958438.0,5,1.0,1
958439.0,3,1.0,2
958441.0,0,4.0,1
958443.0,0,4.0,0
958447.0,5,0.0,1
958449.0,3,0.0,1
958450.0,1,1.0,2
958452.0,0,4.0,0
958456.0,0,2.0,0
958457.0,0,4.0,0
958461.0,2,4.0,1
958463.0,5,1.0,2
958464.0,3,1.0,4
958466.0,5,2.0,0
958467.0,2,2.0,3
958469.0,3,1.0,0
958472.0,2,1.0,0
958473.0,2,0.0,0
958474.0,3,3.0,1
958476.0,0,4.0,1
958480.0,3,3.0,2
958481.0,5,4.0,1
958482.0,2,0.0,0
958484.0,2,3.0,1
958485.0,3,2.0,1
958486.0,2,3.0,0
958487.0,5,1.0,0
958488.0,5,0.0,3
958490.0,3,1.0,4
958491.0,0,2.0,2
958500.0,3,1.0,4
958502.0,0,0.0,1
958504.0,5,2.0,1
958505.0,2,3.0,1
958513.0,5,0.0,1
958514.0,2,3.0,0
958517.0,3,2.0,1
958518.0,5,1.0,0
958519.0,3,3.0,2
958522.0,3,1.0,3
958524.0,0,1.0,1
958527.0,0,4.0,2
958531.0,3,2.0,0
958533.0,1,3.0,1
958535.0,5,1.0,0
958541.0,0,4.0,1
958542.0,3,3.0,0
958543.0,1,2.0,1
958544.0,5,0.0,1
958546.0,0,1.0,3
958551.0,0,1.0,0
958554.0,0,2.0,2
958556.0,5,0.0,3
958558.0,5,0.0,3
958559.0,0,2.0,3
958563.0,3,1.0,0
958566.0,3,1.0,4
958567.0,5,1.0,0
958568.0,2,3.0,0
958571.0,3,1.0,0
958575.0,5,1.0,0
958582.0,5,1.0,0
958583.0,0,3.0,2
958587.0,3,1.0,4
958591.0,2,2.0,2
958592.0,2,1.0,1
958593.0,5,1.0,2
958595.0,5,1.0,2
958597.0,0,4.0,0
958598.0,3,1.0,1
958599.0,5,0.0,3
958602.0,2,4.0,0
958603.0,19,0.0,
958604.0,3,1.0,1
958605.0,5,0.0,1
958606.0,3,3.0,0
958607.0,3,3.0,0
958609.0,1,0.0,1
958611.0,0,4.0,2
958614.0,5,4.0,0
958615.0,5,1.0,0
958616.0,2,0.0,2
958617.0,0,4.0,1
958618.0,5,3.0,1
958620.0,2,1.0,1
958621.0,5,1.0,0
958623.0,2,2.0,1
958626.0,0,3.0,0
958627.0,3,2.0,0
958630.0,2,2.0,4
958632.0,0,3.0,1
958633.0,5,3.0,3
958634.0,3,2.0,0
958635.0,3,1.0,0
958637.0,3,1.0,0
958640.0,5,4.0,1
958641.0,3,1.0,4
958643.0,5,2.0,1
958644.0,5,1.0,0
958645.0,2,4.0,2
958646.0,5,1.0,2
958647.0,3,0.0,1
958649.0,3,2.0,0
958650.0,2,0.0,0
958654.0,5,1.0,0
958655.0,3,3.0,2
958659.0,5,1.0,1
958660.0,5,5.0,3
958661.0,2,2.0,1
958662.0,2,2.0,1
958663.0,0,4.0,1
958664.0,0,3.0,1
958665.0,3,2.0,1
958669.0,2,1.0,0
958671.0,3,1.0,1
958674.0,5,0.0,1
958676.0,0,2.0,1
958678.0,5,1.0,0
958681.0,20,0.0,
958683.0,0,2.0,0
958688.0,2,2.0,2
958693.0,2,0.0,0
958694.0,2,1.0,2
958697.0,2,1.0,0
958699.0,2,2.0,0
958700.0,5,0.0,2
958705.0,2,1.0,0
958706.0,2,1.0,0
958708.0,3,1.0,3
958710.0,0,1.0,0
958713.0,2,2.0,1
958715.0,5,3.0,0
958719.0,3,1.0,0
958722.0,3,1.0,4
958723.0,0,2.0,3
958724.0,5,1.0,0
958725.0,5,1.0,1
958726.0,0,0.0,3
958727.0,2,2.0,2
958729.0,2,0.0,1
958736.0,0,2.0,0
958738.0,3,0.0,2
958740.0,5,5.0,1
958742.0,0,2.0,3
958743.0,2,2.0,4
958745.0,3,1.0,4
958748.0,5,2.0,0
958750.0,2,4.0,0
958753.0,1,0.0,0
958754.0,3,1.0,4
958755.0,0,2.0,1
958756.0,5,2.0,0
958757.0,2,2.0,2
958758.0,2,1.0,0
958759.0,5,1.0,0
958760.0,2,1.0,0
958761.0,0,2.0,3
958762.0,3,1.0,4
958763.0,2,0.0,0
958764.0,0,3.0,2
958766.0,5,0.0,3
958769.0,3,1.0,4
958771.0,2,1.0,1
958772.0,0,3.0,2
958773.0,5,1.0,2
958779.0,5,1.0,2
958781.0,5,1.0,0
958783.0,5,4.0,1
958788.0,2,4.0,3
958790.0,5,1.0,2
958791.0,2,4.0,0
958793.0,3,3.0,2
958794.0,2,1.0,0
958797.0,5,3.0,2
958798.0,2,0.0,2
958799.0,2,2.0,3
958801.0,5,1.0,1
958802.0,0,3.0,0
958803.0,2,1.0,1
958811.0,5,1.0,2
958813.0,0,2.0,2
958814.0,2,1.0,0
958818.0,5,2.0,0
958820.0,2,2.0,2
958823.0,0,3.0,3
958825.0,2,4.0,0
958828.0,3,3.0,0
958830.0,2,2.0,1
958833.0,3,3.0,0
958835.0,3,1.0,4
958837.0,5,2.0,0
958840.0,3,1.0,4
958842.0,1,3.0,0
958843.0,2,1.0,0
958845.0,5,3.0,1
958847.0,3,1.0,3
958853.0,5,0.0,1
958854.0,3,3.0,0
958855.0,3,1.0,2
958856.0,0,2.0,1
958857.0,3,1.0,3
958859.0,3,1.0,2
958861.0,1,3.0,0
958862.0,0,2.0,2
958863.0,3,3.0,0
958864.0,5,1.0,0
958865.0,6,1.0,0
958867.0,1,1.0,2
958868.0,1,1.0,2
958869.0,6,2.0,0
958873.0,0,2.0,1
958876.0,0,0.0,2
958878.0,2,0.0,2
958879.0,0,2.0,1
958881.0,0,2.0,3
958882.0,5,5.0,0
958891.0,3,1.0,3
958896.0,3,3.0,1
958900.0,21,0.0,
958901.0,3,2.0,1
958904.0,5,0.0,1
958906.0,6,0.0,0
958908.0,2,3.0,2
958911.0,2,4.0,0
958916.0,5,0.0,2
958917.0,5,1.0,0
958919.0,2,2.0,1
958921.0,3,1.0,0
958929.0,2,2.0,2
958932.0,0,2.0,3
958936.0,3,3.0,0
958939.0,2,0.0,0
958941.0,3,0.0,2
958944.0,0,4.0,2
958946.0,2,1.0,1
958948.0,2,2.0,1
958954.0,2,3.0,1
958956.0,5,5.0,0
958957.0,3,3.0,2
958959.0,22,0.0,
958961.0,5,2.0,0
958963.0,5,4.0,2
958967.0,6,1.0,0
958970.0,0,2.0,3
958973.0,2,1.0,1
958975.0,3,3.0,2
958976.0,0,2.0,2
958977.0,5,0.0,1
958978.0,2,2.0,3
958979.0,0,4.0,2
958980.0,2,3.0,1
958981.0,3,1.0,0
958982.0,5,4.0,1
958983.0,2,2.0,1
958985.0,2,2.0,0
958986.0,5,0.0,2
958987.0,5,0.0,1
958988.0,0,2.0,3
958989.0,0,0.0,0
958990.0,0,3.0,1
958991.0,2,0.0,0
958992.0,1,2.0,2
958996.0,3,1.0,0
958997.0,2,0.0,0
958999.0,5,1.0,1
959000.0,0,4.0,2
959001.0,0,2.0,1
959003.0,2,2.0,1
959006.0,5,0.0,2
959012.0,0,3.0,1
959013.0,2,1.0,0
959016.0,3,1.0,0
959021.0,5,3.0,2
959022.0,23,0.0,
959024.0,2,0.0,0
959034.0,1,1.0,3
959035.0,0,1.0,1
959036.0,5,3.0,0
959038.0,2,2.0,2
959041.0,2,2.0,2
959046.0,2,0.0,2
959053.0,3,0.0,0
959058.0,0,3.0,4
959059.0,3,0.0,1
959060.0,2,1.0,0
959063.0,5,1.0,0
959066.0,1,2.0,1
959067.0,3,0.0,0
959072.0,2,2.0,1
959077.0,3,0.0,2
959078.0,5,0.0,2
959079.0,5,0.0,1
959082.0,5,3.0,0
959089.0,2,3.0,1
959091.0,5,0.0,3
959095.0,3,1.0,3
959097.0,3,2.0,0
959100.0,5,1.0,2
959101.0,2,0.0,2
959102.0,2,0.0,0
959103.0,2,2.0,3
959104.0,3,3.0,2
959106.0,0,1.0,3
959109.0,5,4.0,0
959111.0,2,0.0,0
959112.0,5,1.0,1
959116.0,5,1.0,1
959122.0,3,1.0,2
959124.0,1,0.0,1
959126.0,0,0.0,1
959131.0,0,3.0,0
959134.0,2,3.0,1
959135.0,6,2.0,0
959136.0,0,4.0,1
959139.0,0,2.0,0
959140.0,0,4.0,1
959142.0,3,1.0,4
959144.0,0,2.0,1
959147.0,5,4.0,2
959149.0,5,0.0,1
959151.0,2,1.0,1
959152.0,3,0.0,2
959153.0,3,1.0,0
959156.0,0,0.0,3
959162.0,2,2.0,3
959163.0,3,1.0,0
959164.0,5,0.0,1
959166.0,5,1.0,2
959169.0,3,2.0,1
959170.0,2,3.0,2
959172.0,5,3.0,0
959175.0,2,0.0,3
959176.0,0,3.0,2
959180.0,5,1.0,1
959182.0,2,3.0,0
959185.0,3,1.0,0
959187.0,3,1.0,0
959191.0,3,1.0,2
959192.0,0,2.0,3
959197.0,0,1.0,1
959198.0,2,1.0,0
959199.0,2,4.0,2
959200.0,5,3.0,0
959201.0,0,3.0,0
959205.0,0,2.0,0
959211.0,1,1.0,3
959215.0,2,0.0,1
959216.0,2,1.0,0
959217.0,5,0.0,3
959218.0,0,0.0,1
959220.0,5,4.0,2
959221.0,2,3.0,0
959223.0,1,3.0,0
959225.0,5,1.0,2
959228.0,0,0.0,2
959229.0,5,1.0,2
959230.0,0,4.0,1
959234.0,2,2.0,1
959243.0,3,3.0,1
959244.0,5,0.0,2
959245.0,2,2.0,3
959248.0,5,1.0,0
959252.0,0,4.0,2
959255.0,5,3.0,3
959259.0,2,1.0,1
959262.0,0,3.0,2
959267.0,2,4.0,2
959269.0,0,2.0,3
959270.0,2,2.0,2
959272.0,3,0.0,2
959274.0,5,1.0,0
959276.0,2,4.0,2
959277.0,3,3.0,2
959279.0,5,4.0,2
959280.0,2,1.0,1
959282.0,5,1.0,0
959285.0,2,3.0,0
959287.0,2,3.0,1
959288.0,0,1.0,0
959290.0,2,3.0,0
959292.0,5,1.0,0
959293.0,5,2.0,1
959296.0,5,0.0,0
959297.0,5,0.0,1
959298.0,5,1.0,0
959301.0,5,4.0,0
959302.0,2,4.0,2
959303.0,3,1.0,1
959305.0,5,0.0,2
959308.0,5,1.0,1
959309.0,5,1.0,0
959310.0,0,2.0,0
959312.0,5,0.0,1
959315.0,24,0.0,
959316.0,1,0.0,1
959318.0,2,1.0,0
959319.0,3,1.0,0
959321.0,3,3.0,2
959323.0,0,4.0,2
959324.0,3,1.0,0
959325.0,0,4.0,0
959327.0,3,0.0,2
959328.0,0,4.0,2
959330.0,0,2.0,1
959332.0,0,4.0,1
959337.0,5,1.0,1
959341.0,5,4.0,0
959342.0,5,1.0,2
959343.0,3,1.0,4
959344.0,5,0.0,1
959345.0,1,2.0,2
959346.0,2,1.0,0
959347.0,25,0.0,
959350.0,3,1.0,1
959351.0,5,1.0,1
959352.0,5,0.0,2
959353.0,1,1.0,2
959354.0,5,0.0,1
959357.0,3,2.0,1
959358.0,2,3.0,1
959359.0,0,4.0,2
959360.0,0,2.0,3
959361.0,5,3.0,0
959363.0,5,1.0,0
959364.0,2,0.0,2
959365.0,3,2.0,1
959367.0,5,4.0,1
959368.0,2,1.0,1
959374.0,1,3.0,0
959375.0,2,4.0,2
959377.0,5,4.0,3
959380.0,0,4.0,0
959381.0,1,0.0,3
959383.0,5,0.0,3
959384.0,5,1.0,0
959385.0,0,4.0,2
959386.0,3,3.0,0
959387.0,2,2.0,0
959390.0,2,3.0,2
959391.0,2,4.0,1
959394.0,0,4.0,1
959395.0,3,3.0,0
959396.0,0,4.0,2
959397.0,0,3.0,2
959401.0,3,1.0,0
959406.0,0,2.0,3
959412.0,0,1.0,2
959414.0,0,4.0,0
959416.0,5,4.0,1
959417.0,0,4.0,1
959419.0,3,0.0,2
959420.0,3,2.0,1
959422.0,2,4.0,1
959423.0,0,0.0,1
959425.0,5,1.0,2
959689.0,2,3.0,0
959758.0,3,1.0,0
972433.0,2,3.0,0
972442.0,0,2.0,2
972447.0,0,2.0,2
972449.0,0,0.0,3
972468.0,2,1.0,1
972473.0,0,1.0,1
972487.0,5,5.0,0
972517.0,3,0.0,1
972525.0,3,0.0,1
972526.0,2,3.0,0
972527.0,2,3.0,0
972528.0,3,0.0,2
972529.0,3,0.0,2
972530.0,2,3.0,0
972531.0,0,2.0,1
972532.0,2,3.0,1
972533.0,5,2.0,1
972534.0,3,0.0,1
972535.0,0,2.0,0
972536.0,3,2.0,1
972537.0,0,1.0,3
972538.0,3,0.0,2
972539.0,0,3.0,3
972540.0,2,3.0,1
972541.0,0,3.0,3
972542.0,2,0.0,1
972543.0,2,3.0,0
972544.0,2,3.0,1
972545.0,2,2.0,0
972546.0,2,3.0,1
972547.0,5,5.0,0
972548.0,5,2.0,0
972549.0,0,3.0,3
972550.0,0,2.0,2
972551.0,0,2.0,0
972552.0,2,3.0,1
972553.0,2,2.0,0
972554.0,2,0.0,1
972555.0,5,5.0,1
972556.0,2,3.0,1
972557.0,0,3.0,3
972558.0,5,5.0,3
972559.0,2,3.0,1
972560.0,0,1.0,0
972561.0,5,5.0,0
972562.0,5,5.0,0
972563.0,0,2.0,0
972564.0,2,2.0,0
972565.0,5,1.0,0
972566.0,3,2.0,0
972567.0,2,3.0,1
972568.0,3,3.0,2
972569.0,2,3.0,1
972570.0,0,2.0,0
972571.0,3,3.0,0
972572.0,2,3.0,0
972575.0,0,2.0,2
972576.0,5,5.0,0
972577.0,2,1.0,0
972579.0,5,5.0,0
972580.0,5,5.0,3
972581.0,3,0.0,2
972582.0,5,1.0,0
972583.0,5,5.0,3
972586.0,0,1.0,0
972587.0,3,2.0,0
972588.0,2,3.0,1
972589.0,0,3.0,1
972590.0,2,3.0,2
972591.0,2,3.0,1
972592.0,5,1.0,2
972593.0,0,0.0,3
972594.0,5,5.0,0
972595.0,0,2.0,0
972596.0,0,2.0,2
972597.0,0,1.0,0
972598.0,5,2.0,1
972599.0,5,5.0,2
972600.0,5,5.0,1
972602.0,3,0.0,0
972603.0,3,0.0,1
972604.0,5,5.0,0
972605.0,5,2.0,1
972607.0,0,2.0,0
972608.0,2,3.0,1
972609.0,5,5.0,0
972610.0,0,2.0,0
972611.0,5,5.0,1
972614.0,0,2.0,3
972615.0,0,1.0,0
972616.0,2,0.0,1
972617.0,5,5.0,1
972619.0,0,3.0,3
972620.0,0,1.0,3
972621.0,0,2.0,3
972622.0,3,0.0,0
972623.0,3,2.0,0
972625.0,2,3.0,1
972626.0,2,3.0,1
972627.0,0,1.0,2
972628.0,5,5.0,0
972630.0,3,0.0,1
972631.0,2,1.0,0
972632.0,0,3.0,3
972635.0,2,2.0,0
972636.0,2,3.0,1
972637.0,2,3.0,2
972638.0,2,3.0,2
972639.0,0,1.0,0
972640.0,3,0.0,0
972641.0,2,3.0,2
972642.0,0,2.0,1
972643.0,5,5.0,0
972644.0,0,1.0,0
972645.0,5,5.0,0
972646.0,2,3.0,1
972647.0,0,2.0,1
972648.0,2,3.0,2
972649.0,5,5.0,0
972650.0,2,3.0,0
972651.0,2,3.0,1
972652.0,5,5.0,0
972653.0,3,0.0,1
972654.0,5,5.0,2
972655.0,2,3.0,2
972656.0,2,3.0,0
972657.0,2,0.0,2
972658.0,5,2.0,0
972659.0,3,0.0,1
972660.0,2,3.0,2
972661.0,5,5.0,2
972662.0,2,3.0,0
972663.0,2,3.0,1
972664.0,5,5.0,0
972665.0,5,5.0,1
972666.0,3,0.0,0
972667.0,5,1.0,2
972668.0,0,1.0,3
972669.0,5,5.0,0
972670.0,3,0.0,1
972671.0,2,3.0,1
972672.0,5,5.0,2
972673.0,2,3.0,1
972674.0,0,2.0,1
972675.0,2,3.0,2
972676.0,2,3.0,1
972677.0,0,2.0,3
972678.0,5,5.0,0
972679.0,5,5.0,0
972680.0,3,0.0,0
972681.0,1,3.0,1
972682.0,1,1.0,3
972683.0,2,3.0,2
972684.0,5,5.0,0
972685.0,3,2.0,0
972686.0,5,1.0,2
972687.0,3,0.0,1
972688.0,3,3.0,0
972691.0,3,0.0,2
972692.0,0,3.0,3
972693.0,3,0.0,1
972694.0,3,0.0,1
972695.0,3,1.0,3
972697.0,5,5.0,2
972698.0,0,2.0,3
972699.0,0,2.0,3
972700.0,2,1.0,1
972701.0,3,0.0,0
972702.0,5,1.0,0
972709.0,3,0.0,1
972719.0,3,3.0,0
972733.0,2,2.0,2
972753.0,0,2.0,3
972758.0,0,1.0,0
972760.0,2,4.0,1
972766.0,5,4.0,0
972773.0,3,0.0,2
972774.0,0,2.0,3
972778.0,2,0.0,1
972784.0,2,1.0,0
972786.0,3,3.0,1
972787.0,2,1.0,1
972788.0,5,1.0,2
972789.0,3,0.0,1
972790.0,2,4.0,2
972791.0,2,2.0,2
972792.0,3,3.0,2
972794.0,1,2.0,1
972795.0,3,0.0,3
972796.0,5,5.0,0
972797.0,3,0.0,0
972798.0,1,2.0,1
972799.0,0,1.0,2
972800.0,3,1.0,2
972801.0,3,3.0,1
972802.0,2,0.0,1
972803.0,0,1.0,3
972804.0,3,3.0,2
972805.0,2,0.0,1
972806.0,1,2.0,2
972807.0,3,1.0,1
972808.0,0,1.0,2
972809.0,5,3.0,1
972810.0,2,2.0,0
972811.0,0,1.0,0
972813.0,3,3.0,1
972815.0,2,2.0,0
972816.0,2,2.0,0
972817.0,2,4.0,0
972819.0,2,4.0,0
972820.0,2,3.0,2
972822.0,1,0.0,1
972823.0,3,3.0,2
972824.0,3,0.0,0
972825.0,1,3.0,0
972826.0,2,2.0,0
972827.0,2,0.0,3
972828.0,2,1.0,0
972830.0,3,0.0,1
972831.0,3,1.0,2
972832.0,1,3.0,0
972833.0,1,3.0,1
972834.0,2,2.0,3
972835.0,2,0.0,2
972836.0,2,0.0,0
972837.0,0,1.0,0
972838.0,2,4.0,0
972840.0,2,2.0,0
972841.0,2,2.0,2
972842.0,1,0.0,0
972843.0,2,2.0,1
972844.0,3,3.0,0
972845.0,0,3.0,1
972846.0,5,1.0,2
972848.0,3,0.0,2
972850.0,5,2.0,1
972851.0,2,0.0,2
972852.0,2,2.0,0
972853.0,0,1.0,0
972854.0,0,1.0,0
972855.0,1,3.0,0
972856.0,2,2.0,2
972857.0,2,2.0,0
972858.0,2,4.0,2
972859.0,0,3.0,3
972860.0,3,0.0,1
972861.0,5,5.0,3
972862.0,2,2.0,2
972863.0,3,0.0,3
972864.0,5,5.0,2
972865.0,3,0.0,2
972866.0,3,0.0,2
972867.0,1,2.0,2
972868.0,2,0.0,2
972871.0,0,1.0,0
972872.0,0,3.0,1
972873.0,1,3.0,1
972874.0,1,0.0,0
972875.0,3,2.0,0
972876.0,0,3.0,3
972877.0,2,2.0,0
972878.0,2,2.0,0
972879.0,2,3.0,0
972880.0,5,1.0,1
972881.0,2,0.0,1
972882.0,3,1.0,2
972883.0,3,3.0,2
972884.0,2,0.0,1
972885.0,3,0.0,1
972886.0,2,3.0,2
972887.0,2,0.0,2
972889.0,2,0.0,3
972890.0,1,3.0,1
972892.0,3,3.0,0
972893.0,3,1.0,2
972895.0,1,2.0,1
972896.0,2,2.0,2
972897.0,2,0.0,1
972898.0,2,3.0,2
972899.0,5,5.0,2
972901.0,2,4.0,2
972902.0,1,0.0,1
972903.0,2,2.0,4
972904.0,2,0.0,0
972905.0,2,2.0,4
972907.0,5,4.0,2
972908.0,2,0.0,1
972909.0,3,3.0,1
972910.0,2,2.0,3
972911.0,0,2.0,1
972912.0,2,2.0,2
972913.0,3,2.0,1
972914.0,3,1.0,1
972915.0,2,0.0,2
972916.0,1,1.0,1
972917.0,3,2.0,1
972918.0,0,1.0,1
972919.0,2,2.0,0
972921.0,3,0.0,0
972922.0,3,3.0,1
972923.0,1,1.0,3
972924.0,5,1.0,1
972925.0,2,2.0,1
972926.0,5,5.0,2
972927.0,0,3.0,0
972928.0,3,3.0,1
972929.0,2,2.0,0
972930.0,1,0.0,2
972931.0,2,3.0,2
972932.0,2,2.0,0
972933.0,2,2.0,0
972934.0,0,3.0,1
972935.0,1,2.0,0
972936.0,2,2.0,2
972937.0,2,2.0,2
972938.0,2,3.0,2
972939.0,2,3.0,2
972940.0,3,3.0,2
972941.0,1,0.0,1
972942.0,3,2.0,1
972943.0,2,2.0,0
972944.0,1,2.0,2
972945.0,3,2.0,0
972946.0,5,2.0,0
972947.0,3,3.0,1
972948.0,0,3.0,2
972949.0,2,2.0,2
972950.0,2,2.0,2
972951.0,2,4.0,2
972952.0,0,1.0,0
972953.0,3,3.0,2
972954.0,5,5.0,2
972955.0,0,2.0,0
972956.0,2,2.0,2
972957.0,2,2.0,0
972958.0,3,2.0,0
972959.0,0,1.0,2
972960.0,5,1.0,0
972961.0,0,4.0,1
972962.0,5,1.0,1
972964.0,3,1.0,0
972965.0,3,1.0,0
972966.0,0,0.0,1
972967.0,3,0.0,0
972968.0,3,3.0,2
972969.0,1,3.0,1
972973.0,5,0.0,3
972976.0,1,0.0,0
972977.0,3,1.0,2
974145.0,0,3.0,2
974146.0,2,4.0,2
974147.0,0,2.0,0
974148.0,0,2.0,1
974149.0,0,0.0,0
974150.0,3,3.0,2
974151.0,5,0.0,1
974152.0,2,4.0,0
974153.0,5,0.0,0
974154.0,5,0.0,3
974155.0,0,0.0,0
974156.0,0,2.0,3
974157.0,3,2.0,0
974158.0,0,2.0,2
974159.0,2,0.0,0
974160.0,2,4.0,2
974161.0,0,3.0,1
974162.0,0,2.0,3
974163.0,3,1.0,0
974164.0,5,4.0,1
974165.0,5,3.0,0
974166.0,0,3.0,4
974167.0,5,0.0,3
974168.0,5,4.0,3
974169.0,2,0.0,1
974171.0,5,3.0,0
974172.0,0,2.0,2
974173.0,2,4.0,0
974174.0,2,4.0,2
974175.0,5,4.0,1
974176.0,3,1.0,3
974177.0,0,1.0,3
974179.0,5,1.0,3
974180.0,3,1.0,2
974181.0,5,0.0,4
974182.0,2,2.0,3
974183.0,5,0.0,0
974184.0,2,3.0,0
974185.0,0,3.0,1
974186.0,0,1.0,1
974188.0,5,3.0,0
974189.0,0,2.0,3
974191.0,0,0.0,1
974192.0,3,1.0,4
974193.0,2,1.0,1
974194.0,2,2.0,3
974195.0,5,2.0,2
974196.0,0,1.0,2
974197.0,3,3.0,0
974198.0,3,3.0,0
974199.0,5,0.0,3
974200.0,0,4.0,2
974201.0,0,3.0,4
974202.0,2,1.0,0
974203.0,2,2.0,3
974204.0,0,3.0,1
974205.0,5,3.0,0
974206.0,0,3.0,4
974207.0,5,5.0,0
974208.0,0,2.0,1
974209.0,0,2.0,0
974210.0,0,4.0,0
974211.0,2,4.0,1
974212.0,0,0.0,2
974213.0,0,2.0,3
974214.0,0,3.0,1
974215.0,0,4.0,1
974217.0,2,2.0,1
974218.0,2,3.0,1
974219.0,2,3.0,1
974220.0,3,3.0,1
974221.0,2,2.0,1
974222.0,3,1.0,3
974223.0,0,2.0,3
974224.0,2,0.0,2
974225.0,0,1.0,1
974226.0,1,1.0,2
974227.0,3,1.0,1
974228.0,5,1.0,0
974229.0,5,1.0,2
974230.0,0,2.0,2
974232.0,2,0.0,2
974233.0,5,1.0,3
974234.0,3,1.0,3
974235.0,5,1.0,3
974236.0,2,4.0,0
974237.0,2,3.0,0
974238.0,3,1.0,1
974239.0,0,2.0,3
974240.0,5,5.0,1
974241.0,5,0.0,2
974242.0,3,1.0,0
974243.0,3,1.0,3
974244.0,2,3.0,2
974245.0,5,1.0,1
974246.0,5,3.0,0
974247.0,1,2.0,1
974248.0,0,2.0,1
974249.0,5,4.0,1
974250.0,5,0.0,2
974251.0,2,0.0,3
974252.0,5,5.0,2
974270.0,0,2.0,2
974281.0,0,2.0,0
974286.0,5,0.0,2
974342.0,5,5.0,0
974648.0,1,2.0,0
974649.0,0,4.0,1
974651.0,2,3.0,2
974653.0,1,3.0,0
974654.0,0,3.0,4
974655.0,2,0.0,0
974656.0,2,0.0,0
974657.0,3,1.0,3
974658.0,2,3.0,1
974659.0,1,3.0,0
974660.0,5,0.0,2
974662.0,1,2.0,1
974663.0,0,2.0,0
974664.0,5,1.0,2
974665.0,2,2.0,1
974666.0,1,0.0,1
974667.0,3,1.0,3
974668.0,3,1.0,0
974669.0,5,0.0,0
974670.0,1,0.0,3
974671.0,3,1.0,0
974672.0,0,1.0,2
974673.0,1,2.0,0
974674.0,5,4.0,1
974675.0,2,2.0,1
974676.0,2,2.0,3
974677.0,3,3.0,1
974679.0,2,3.0,1
974680.0,0,4.0,1
974681.0,1,2.0,0
974682.0,1,0.0,1
974683.0,5,1.0,1
974684.0,0,2.0,1
974685.0,5,0.0,3
974686.0,1,2.0,2
974687.0,5,0.0,4
974688.0,0,4.0,0
974689.0,0,1.0,1
974690.0,3,1.0,1
974691.0,3,1.0,3
974692.0,5,1.0,2
974693.0,2,2.0,3
974694.0,2,4.0,2
974696.0,0,3.0,2
974697.0,0,2.0,0
974698.0,1,2.0,1
974699.0,3,3.0,2
974700.0,5,0.0,3
974701.0,5,0.0,3
974702.0,0,4.0,1
974703.0,0,2.0,0
974704.0,2,1.0,0
974705.0,0,0.0,1
974706.0,1,2.0,0
974707.0,0,2.0,1
974708.0,5,1.0,2
974709.0,5,1.0,2
974710.0,2,3.0,2
974711.0,2,2.0,3
974712.0,5,0.0,2
974713.0,0,3.0,0
974714.0,0,1.0,0
974715.0,5,3.0,1
974716.0,2,3.0,2
974717.0,5,0.0,3
974718.0,3,1.0,3
974719.0,3,3.0,1
974720.0,5,0.0,0
974721.0,5,0.0,0
974722.0,3,1.0,3
974723.0,1,2.0,0
974724.0,5,0.0,2
974725.0,5,5.0,0
974726.0,5,0.0,1
974727.0,2,2.0,1
974728.0,0,2.0,1
974729.0,0,3.0,0
974730.0,6,0.0,0
974732.0,6,0.0,0
974733.0,5,0.0,2
974734.0,5,0.0,3
974735.0,1,3.0,0
974736.0,3,1.0,3
974737.0,0,2.0,0
974738.0,0,2.0,2
974739.0,0,2.0,3
974740.0,0,3.0,2
974741.0,3,1.0,4
974742.0,1,0.0,0
974743.0,3,1.0,1
974744.0,3,0.0,2
974745.0,5,0.0,3
974746.0,3,1.0,2
974747.0,2,4.0,0
974748.0,5,0.0,1
974749.0,2,0.0,0
974750.0,2,3.0,2
974751.0,3,1.0,3
974752.0,0,2.0,0
974753.0,6,2.0,0
974754.0,0,3.0,0
974755.0,0,3.0,3
974756.0,3,1.0,3
974757.0,2,0.0,2
974758.0,0,4.0,0
974759.0,0,2.0,0
974760.0,1,0.0,0
974761.0,3,0.0,1
974762.0,2,4.0,0
974763.0,2,2.0,3
974764.0,0,4.0,1
974765.0,3,1.0,0
974766.0,0,0.0,0
974767.0,2,0.0,1
974768.0,2,2.0,3
974769.0,2,0.0,0
974770.0,3,2.0,1
974771.0,1,1.0,2
974772.0,3,1.0,1
974773.0,0,2.0,3
974774.0,1,1.0,1
974775.0,3,0.0,0
974776.0,2,0.0,0
974777.0,5,1.0,1
974778.0,0,3.0,3
974779.0,5,0.0,2
974780.0,5,1.0,0
974781.0,2,1.0,1
974782.0,0,2.0,1
974783.0,2,1.0,0
974784.0,3,1.0,0
974785.0,3,1.0,2
974786.0,0,3.0,4
974787.0,0,2.0,1
974788.0,5,5.0,2
974789.0,5,1.0,2
974791.0,3,3.0,1
974792.0,1,2.0,0
974793.0,0,3.0,1
974794.0,0,4.0,0
974795.0,5,3.0,1
974796.0,2,2.0,1
974797.0,2,0.0,0
974798.0,0,2.0,0
974799.0,0,0.0,1
974800.0,2,2.0,1
974801.0,0,3.0,4
974803.0,3,1.0,4
974804.0,2,3.0,2
974805.0,0,1.0,0
974806.0,3,0.0,2
974807.0,6,1.0,0
974808.0,2,4.0,2
974809.0,0,1.0,1
974810.0,0,0.0,1
974811.0,0,2.0,3
974812.0,1,2.0,0
974813.0,6,0.0,0
974814.0,0,3.0,4
974815.0,3,1.0,1
974816.0,0,2.0,2
974817.0,1,2.0,1
974818.0,3,0.0,0
974819.0,6,3.0,0
974820.0,5,1.0,2
974821.0,3,1.0,2
974822.0,1,0.0,3
974823.0,5,4.0,1
974824.0,3,3.0,1
974825.0,2,0.0,3
974826.0,0,1.0,2
974827.0,5,4.0,1
974828.0,0,2.0,3
974829.0,2,1.0,0
974830.0,0,2.0,3
974831.0,0,3.0,3
974833.0,0,2.0,3
974834.0,2,1.0,1
974835.0,3,2.0,0
974836.0,2,2.0,3
974837.0,1,1.0,4
974838.0,3,1.0,3
974839.0,2,3.0,2
974840.0,5,4.0,1
974841.0,0,3.0,0
974842.0,3,1.0,0
974843.0,2,0.0,0
974844.0,3,1.0,1
974845.0,0,3.0,1
974846.0,0,4.0,1
974847.0,0,2.0,0
974848.0,5,0.0,0
974849.0,5,1.0,0
974850.0,2,3.0,1
974851.0,2,0.0,0
974852.0,2,3.0,1
974853.0,0,2.0,1
974854.0,5,0.0,1
974855.0,2,1.0,0
974856.0,3,3.0,1
974857.0,0,2.0,0
974858.0,3,1.0,1
974860.0,0,0.0,3
974861.0,3,1.0,2
974862.0,0,3.0,1
974863.0,2,1.0,0
974864.0,3,3.0,2
974865.0,0,1.0,1
974866.0,1,1.0,4
974868.0,5,4.0,1
974869.0,0,0.0,0
974870.0,3,3.0,2
974871.0,5,1.0,2
974872.0,2,2.0,2
974873.0,0,2.0,0
974875.0,2,0.0,0
974876.0,3,1.0,0
974877.0,3,3.0,2
974878.0,2,0.0,0
974879.0,5,1.0,2
974880.0,3,0.0,2
974881.0,3,0.0,1
974882.0,0,1.0,2
974883.0,1,3.0,1
974885.0,0,4.0,2
974886.0,2,3.0,0
974887.0,0,2.0,1
974888.0,2,4.0,1
974889.0,0,0.0,2
974890.0,5,0.0,3
974891.0,2,3.0,2
974892.0,3,2.0,1
974894.0,5,0.0,1
974895.0,0,3.0,0
974896.0,0,0.0,2
974897.0,2,3.0,2
974898.0,2,1.0,0
974899.0,0,2.0,2
974900.0,2,0.0,2
974901.0,3,1.0,0
974902.0,1,1.0,3
974903.0,1,2.0,1
974904.0,0,3.0,1
974905.0,1,0.0,2
974906.0,0,2.0,1
974907.0,0,4.0,2
974908.0,5,0.0,1
974909.0,5,0.0,3
974910.0,2,1.0,0
974911.0,2,0.0,2
974912.0,3,1.0,4
974913.0,5,0.0,1
974915.0,0,2.0,2
974916.0,5,4.0,2
974917.0,5,1.0,0
974918.0,0,4.0,2
974919.0,0,3.0,0
974920.0,0,1.0,2
974922.0,0,4.0,2
974923.0,3,3.0,1
974924.0,3,0.0,1
974925.0,5,4.0,1
974926.0,5,4.0,1
974927.0,5,0.0,1
974928.0,2,1.0,0
974930.0,5,5.0,2
974931.0,0,3.0,0
974932.0,5,0.0,3
974933.0,2,2.0,2
974934.0,0,1.0,2
974935.0,5,5.0,0
974936.0,2,0.0,2
974938.0,3,3.0,0
974939.0,0,2.0,1
976859.0,5,0.0,3
976860.0,6,1.0,0
976864.0,3,1.0,3
976867.0,2,1.0,0
976870.0,2,2.0,3
976879.0,3,1.0,2
976883.0,3,1.0,4
976907.0,0,1.0,3
976950.0,5,0.0,0
976953.0,0,2.0,2
976972.0,3,1.0,1
976984.0,2,1.0,0
976990.0,0,4.0,1
977058.0,3,1.0,0
977062.0,3,1.0,3
977064.0,3,0.0,2
977067.0,5,0.0,0
977069.0,3,1.0,0
977086.0,0,3.0,4
977126.0,3,2.0,1
977256.0,2,0.0,2
977265.0,2,2.0,3
977337.0,5,1.0,2
977342.0,5,1.0,2
977349.0,5,4.0,2
977354.0,5,1.0,1
977355.0,5,4.0,1
977356.0,5,2.0,1
977466.0,5,2.0,1
977589.0,3,1.0,0
977769.0,5,3.0,1
977779.0,2,1.0,0
977782.0,3,2.0,0
977800.0,3,1.0,1
977801.0,3,1.0,1
977802.0,1,0.0,1
977803.0,2,2.0,1
977804.0,0,3.0,2
977805.0,5,1.0,1
977806.0,1,0.0,3
977807.0,1,2.0,1
977882.0,0,1.0,0
1586999.0,4,2.0,0
1587404.0,4,3.0,0
1587405.0,4,1.0,0
1587407.0,4,0.0,0
1587408.0,4,0.0,1
1587409.0,4,3.0,1
1587410.0,4,0.0,2
1587411.0,4,3.0,0
1587412.0,4,0.0,2
1587413.0,4,4.0,0
1587414.0,4,3.0,2
1587415.0,4,2.0,1
1587416.0,4,4.0,1
1587417.0,4,0.0,3
1587418.0,4,5.0,0
1587419.0,4,5.0,0
1587420.0,4,0.0,1
1587421.0,4,3.0,3
1587422.0,4,1.0,0
1587423.0,4,0.0,0
1587424.0,4,3.0,2
1587425.0,4,1.0,1
1587426.0,4,1.0,0
1587427.0,4,4.0,2
1587428.0,4,0.0,1
1587430.0,4,5.0,0
1587431.0,4,3.0,4
1587432.0,4,5.0,1
1587433.0,4,5.0,2
1587434.0,4,3.0,2
1587435.0,4,3.0,2
1587436.0,4,5.0,0
1587437.0,4,0.0,2
1587438.0,4,0.0,1
1587439.0,4,2.0,2
1587440.0,4,4.0,0
1587442.0,4,1.0,1
1587443.0,4,4.0,3
1587444.0,4,5.0,3
1587445.0,4,3.0,0
1587446.0,4,2.0,3
1587448.0,4,2.0,2
1587449.0,4,0.0,2
1587451.0,4,3.0,0
1587453.0,4,3.0,1
1587454.0,4,5.0,0
1587455.0,4,1.0,0
1587456.0,4,0.0,2
1587457.0,4,3.0,2
1587458.0,4,0.0,0
1587459.0,4,3.0,2
1587461.0,4,0.0,0
1587462.0,4,5.0,4
1587463.0,4,4.0,2
1587464.0,4,3.0,2
1587465.0,4,4.0,4
1587466.0,4,4.0,1
1587467.0,4,0.0,0
1587468.0,4,0.0,2
1587469.0,4,3.0,2
1587470.0,4,4.0,1
1587471.0,4,6.0,0
1587472.0,4,0.0,0
1587473.0,4,3.0,4
1587474.0,4,4.0,2
1587475.0,4,3.0,4
1587476.0,4,3.0,2
1587477.0,4,3.0,2
1587478.0,4,6.0,1
1587479.0,4,6.0,2
1587480.0,4,3.0,2
1587481.0,4,0.0,0
1587482.0,4,3.0,2
1587483.0,4,4.0,5
1587484.0,4,0.0,2
1587485.0,4,0.0,2
1587486.0,4,6.0,1
1587487.0,4,3.0,3
1587488.0,4,4.0,2
1587489.0,4,3.0,3
1587491.0,4,4.0,4
1587492.0,4,5.0,1
1587493.0,4,2.0,1
1587495.0,4,5.0,0
1587568.0,4,6.0,3
1587630.0,4,1.0,2
1587631.0,4,4.0,1
1587684.0,4,7.0,0
1587699.0,4,0.0,1
1587703.0,4,5.0,5
1587704.0,4,6.0,2
1587705.0,4,6.0,4
1587710.0,4,2.0,3
1587714.0,26,0.0,
1587716.0,4,0.0,3
1587717.0,4,0.0,3
1587718.0,4,0.0,3
1587719.0,4,0.0,3
1587740.0,4,3.0,2
1587742.0,4,4.0,2
1587745.0,4,0.0,2
1587749.0,4,7.0,1
1587750.0,4,7.0,1
1587753.0,4,7.0,1
1587754.0,4,7.0,1
1587755.0,4,5.0,2
1587756.0,4,5.0,2
1587759.0,4,7.0,1
1587760.0,4,5.0,1
1587773.0,4,1.0,0
1587774.0,4,1.0,3
1587785.0,4,4.0,5
1587786.0,4,3.0,4
1587788.0,4,5.0,1
1587791.0,4,5.0,1
1587799.0,4,5.0,1
1587800.0,4,5.0,1
1587818.0,4,1.0,0
1587832.0,4,1.0,3
1587838.0,4,5.0,0
1587839.0,4,6.0,2
1587840.0,4,6.0,2
1587841.0,4,6.0,2
1587843.0,4,6.0,2
1587845.0,4,6.0,2
1587853.0,4,2.0,0
1587863.0,4,1.0,0
1587864.0,4,1.0,0
1587868.0,4,1.0,0
1587875.0,4,4.0,3
1587890.0,4,5.0,5
1587904.0,4,0.0,4
1587905.0,4,0.0,4
1587906.0,4,0.0,4
1587908.0,4,0.0,1
1587922.0,4,6.0,2
1587928.0,4,1.0,3
1587929.0,4,1.0,3
1587936.0,4,1.0,3
1587940.0,4,1.0,3
1587943.0,4,0.0,2
1587946.0,4,3.0,4
1587977.0,4,5.0,0
1587989.0,4,3.0,1
1587997.0,4,2.0,4
1587999.0,4,2.0,4
1588001.0,4,2.0,4
1588006.0,4,3.0,4
1588017.0,4,6.0,1
1588034.0,4,5.0,5
1588035.0,4,5.0,5
1588040.0,4,1.0,0
1588052.0,4,3.0,0
1588053.0,4,3.0,0
1588054.0,4,3.0,0
1588057.0,4,3.0,0
1588060.0,4,3.0,0
1588072.0,4,0.0,0
1588078.0,4,3.0,3
1588079.0,4,3.0,3
1588101.0,4,4.0,2
1588124.0,4,0.0,1
1588125.0,4,0.0,3
1588155.0,4,6.0,0
1588157.0,4,6.0,0
1588158.0,4,6.0,0
1588160.0,4,6.0,0
1588175.0,4,5.0,4
1588181.0,4,6.0,1
1588183.0,4,1.0,2
1588197.0,4,7.0,0
1588198.0,4,7.0,0
1588211.0,4,1.0,2
1588219.0,4,6.0,3
1588220.0,4,4.0,3
1588239.0,4,0.0,1
1588246.0,4,5.0,5
1588256.0,4,1.0,1
1588281.0,4,3.0,0
1588284.0,4,2.0,4
1588297.0,4,3.0,1
1588306.0,4,1.0,3
1588307.0,4,1.0,3
1588309.0,4,1.0,3
1588311.0,4,1.0,3
1588314.0,4,6.0,0
1588317.0,4,6.0,0
1588327.0,4,7.0,1
1588328.0,4,7.0,2
1588357.0,4,2.0,4
1588375.0,4,1.0,1
1588379.0,4,1.0,1
1588389.0,4,1.0,1
1588399.0,4,5.0,0
1588418.0,4,0.0,3
1588420.0,4,1.0,3
1588421.0,4,1.0,3
1588422.0,4,5.0,2
1588423.0,4,6.0,4
1588424.0,4,1.0,3
1588427.0,4,1.0,3
1588429.0,4,1.0,3
1588436.0,4,1.0,3
1588438.0,4,0.0,0
1588440.0,4,0.0,0
1588441.0,4,0.0,0
1588448.0,4,2.0,4
1588458.0,4,3.0,2
1588460.0,4,3.0,2
1588461.0,4,3.0,2
1588469.0,4,5.0,4
1588474.0,4,2.0,2
1588480.0,4,2.0,2
1588488.0,4,6.0,3
1588498.0,4,5.0,0
1588505.0,4,6.0,5
1588509.0,4,6.0,0
1588514.0,4,6.0,0
1588519.0,4,3.0,0
1588525.0,4,3.0,0
1588527.0,4,3.0,4
1588531.0,4,3.0,2
1588534.0,4,4.0,0
1588556.0,4,2.0,3
1588557.0,4,0.0,2
1588558.0,4,0.0,1
1588559.0,4,0.0,2
1588572.0,4,4.0,1
1588583.0,4,1.0,2
1588585.0,4,4.0,2
1588602.0,4,3.0,0
1588605.0,4,3.0,3
1588612.0,4,4.0,0
1588613.0,4,4.0,0
1588614.0,4,4.0,0
1588615.0,4,4.0,0
1588616.0,4,4.0,0
1588617.0,4,2.0,3
1588618.0,4,4.0,0
1588619.0,4,4.0,0
1588621.0,4,4.0,0
1588624.0,4,4.0,0
1588626.0,4,4.0,0
1588628.0,4,4.0,6
1588629.0,4,4.0,6
1588631.0,4,4.0,6
1588635.0,4,4.0,6
1588637.0,4,4.0,6
1588640.0,4,0.0,2
1588642.0,4,0.0,0
1588644.0,4,0.0,0
1588647.0,4,3.0,4
1588650.0,4,2.0,1
1588667.0,4,6.0,2
1588668.0,4,6.0,2
1588676.0,4,3.0,2
1588677.0,4,5.0,1
1588678.0,4,5.0,1
1588680.0,4,5.0,1
1588681.0,4,0.0,0
1588683.0,4,0.0,0
1588691.0,4,4.0,3
1588692.0,4,4.0,3
1588696.0,4,4.0,3
1588703.0,4,6.0,1
1588707.0,4,4.0,2
1588709.0,4,4.0,3
1588729.0,4,2.0,1
1588731.0,4,6.0,1
1588734.0,4,2.0,3
1588736.0,4,4.0,0
1588737.0,4,0.0,0
1588738.0,4,0.0,0
1588739.0,4,2.0,3
1588741.0,4,5.0,4
1588747.0,4,2.0,1
1588752.0,4,4.0,1
1588776.0,4,0.0,4
1588777.0,4,0.0,4
1588778.0,4,0.0,4
1588784.0,4,5.0,4
1588787.0,4,5.0,4
1588790.0,4,5.0,4
1588791.0,4,4.0,3
1588793.0,4,4.0,3
1588795.0,4,4.0,3
1588798.0,4,5.0,0
1588801.0,4,3.0,0
1588803.0,4,3.0,0
1588804.0,4,3.0,0
1588806.0,4,3.0,0
1588813.0,4,1.0,0
1588821.0,4,1.0,3
1588830.0,4,4.0,4
1588835.0,4,4.0,4
1588840.0,4,4.0,1
1588843.0,4,4.0,4
1588844.0,4,4.0,4
1588856.0,4,2.0,1
1588858.0,4,5.0,1
1588867.0,4,2.0,2
1588868.0,4,5.0,0
1588870.0,4,1.0,0
1588896.0,4,4.0,0
1588916.0,4,5.0,2
1588930.0,4,2.0,2
1588940.0,4,2.0,4
1588953.0,4,1.0,1
1588954.0,4,1.0,1
1588967.0,4,5.0,2
1588973.0,4,6.0,0
1588988.0,4,2.0,2
1589030.0,4,5.0,3
1589031.0,4,5.0,3
1589039.0,4,2.0,1
1589045.0,4,2.0,3
1589062.0,4,2.0,4
1589067.0,4,1.0,0
1589069.0,4,6.0,2
1589075.0,4,0.0,0
1589076.0,4,0.0,0
1589078.0,4,0.0,0
1589080.0,4,2.0,4
1589088.0,4,4.0,4
1589091.0,4,1.0,0
1589092.0,4,1.0,0
1589114.0,4,1.0,1
1589118.0,4,1.0,0
1589120.0,4,4.0,3
1589122.0,4,4.0,3
1589131.0,4,4.0,0
1589140.0,4,5.0,3
1589144.0,4,2.0,3
1589163.0,4,5.0,0
1589166.0,4,6.0,4
1589176.0,4,6.0,2
1589179.0,4,6.0,0
1589192.0,4,6.0,3
1589215.0,4,0.0,2
1589236.0,4,4.0,2
1589237.0,4,4.0,2
1589239.0,4,4.0,2
1589240.0,4,4.0,3
1589277.0,4,0.0,0
1589288.0,4,1.0,3
1589294.0,4,2.0,3
1589308.0,4,7.0,1
1589311.0,4,7.0,1
1589318.0,4,1.0,2
1589337.0,4,1.0,3
1589358.0,4,5.0,0
1589359.0,4,0.0,1
1589373.0,4,4.0,1
1589395.0,4,2.0,0
1589402.0,4,2.0,4
1589421.0,4,0.0,1
1589435.0,4,5.0,0
1589436.0,4,6.0,2
1589511.0,4,1.0,3
1589516.0,4,6.0,2
1589527.0,4,0.0,2
1589561.0,4,5.0,4
1589580.0,4,0.0,1
1589583.0,4,6.0,2
1589594.0,4,1.0,1
1589619.0,4,6.0,0
1589620.0,4,6.0,0
1589631.0,4,1.0,0
1589634.0,4,2.0,3
1589651.0,4,4.0,6
1589660.0,4,2.0,1
1589675.0,4,3.0,2
1589676.0,4,3.0,2
1589678.0,4,3.0,2
1589682.0,4,3.0,2
1589683.0,4,3.0,2
1589686.0,4,3.0,2
1589694.0,4,3.0,0
1589699.0,4,3.0,2
1589704.0,4,3.0,4
1589711.0,4,2.0,2
1589712.0,4,2.0,2
1589713.0,4,7.0,1
1589717.0,4,6.0,3
1589729.0,4,6.0,5
1589734.0,4,2.0,4
1589735.0,4,0.0,1
1589737.0,4,0.0,3
1589739.0,4,2.0,0
1589747.0,4,1.0,1
1589753.0,4,1.0,1
1589766.0,4,4.0,2
1589767.0,4,1.0,2
1589768.0,4,4.0,0
1589782.0,4,0.0,2
1589799.0,4,3.0,2
1589810.0,4,5.0,4
1589855.0,4,4.0,6
1589856.0,4,4.0,1
1589859.0,4,4.0,4
1589874.0,4,5.0,1
1589881.0,4,7.0,0
1589888.0,4,7.0,0
1589894.0,4,7.0,0
1589900.0,4,4.0,2
1589904.0,4,7.0,2
1589905.0,4,7.0,2
1589908.0,4,7.0,2
1589909.0,4,7.0,2
1589910.0,4,7.0,2
1589911.0,4,7.0,2
1589956.0,4,3.0,3
1589965.0,4,3.0,3
1589977.0,4,1.0,0
1589979.0,4,1.0,4
1589984.0,4,1.0,4
1589989.0,4,6.0,0
1589990.0,4,6.0,5
1589993.0,4,6.0,5
1589994.0,4,6.0,5
1589997.0,4,5.0,0
1592342.0,4,6.0,1
1592439.0,4,6.0,0
1592473.0,4,3.0,3
1592531.0,4,2.0,3
1592605.0,4,2.0,4
1592638.0,4,1.0,2
1592677.0,4,1.0,1
1592686.0,4,2.0,1
1592752.0,4,2.0,0
1592826.0,4,3.0,0
1593702.0,4,3.0,0
1594379.0,4,3.0,2
1594760.0,4,2.0,3
1597202.0,4,2.0,4
1597206.0,4,3.0,3
1597424.0,4,2.0,0
1597666.0,4,3.0,0
1598004.0,4,1.0,3
1598477.0,4,3.0,2
1598632.0,4,1.0,1
1598729.0,4,1.0,0
1598852.0,4,1.0,3
1599703.0,4,6.0,5
1600401.0,4,4.0,6
1600812.0,4,1.0,1
1603692.0,4,1.0,1
1608808.0,4,3.0,4
1608857.0,4,1.0,3
1608863.0,4,1.0,3
1608962.0,4,3.0,4
1609010.0,4,3.0,3
1609419.0,4,4.0,0
1609422.0,4,1.0,2
1609423.0,4,1.0,2
1609424.0,4,1.0,1
1609425.0,4,3.0,2
1609426.0,4,3.0,2
1609427.0,4,3.0,2
1609429.0,4,2.0,4
1609435.0,4,4.0,2
1609437.0,4,6.0,1
1609438.0,4,6.0,5
1609439.0,4,4.0,5
1609440.0,4,4.0,5
1609443.0,4,4.0,4
1609444.0,4,4.0,0
1609445.0,4,3.0,2
1609447.0,4,4.0,0
1609448.0,4,4.0,4
1609451.0,4,4.0,1
1609452.0,4,4.0,2
1609453.0,4,3.0,2
1609455.0,4,1.0,2
1609457.0,4,4.0,1
1609459.0,4,3.0,4
1609462.0,4,4.0,0
1609467.0,4,4.0,1
1609469.0,4,4.0,2
1609475.0,4,4.0,5
1609476.0,4,3.0,0
1609477.0,4,1.0,2
1609481.0,4,3.0,2
1609487.0,4,4.0,1
1609488.0,4,4.0,4
1609489.0,4,1.0,3
1609492.0,4,5.0,4
1609496.0,4,4.0,0
1609497.0,4,1.0,1
1609500.0,4,2.0,2
1609506.0,4,1.0,2
1609508.0,4,4.0,2
1609511.0,4,1.0,3
1609513.0,4,2.0,3
1609514.0,4,4.0,0
1609515.0,4,4.0,2
1609516.0,4,4.0,1
1609517.0,4,1.0,2
1609522.0,4,1.0,2
1609523.0,4,1.0,2
1609524.0,4,1.0,2
1609525.0,4,4.0,0
1609527.0,4,4.0,0
1609528.0,4,5.0,0
1609530.0,4,4.0,1
1609532.0,4,3.0,4
1609536.0,4,4.0,2
1609537.0,4,3.0,2
1609538.0,4,4.0,1
1609539.0,4,4.0,1
1609540.0,4,4.0,2
1609541.0,4,4.0,5
1609542.0,4,3.0,1
1609545.0,4,4.0,2
1609546.0,4,4.0,5
1609547.0,4,3.0,1
1609548.0,4,3.0,2
1609554.0,4,1.0,2
1609555.0,4,2.0,1
1609557.0,4,4.0,5
1609560.0,4,4.0,0
1609561.0,4,0.0,2
1609563.0,4,4.0,1
1609565.0,4,1.0,2
1609567.0,4,2.0,3
1609570.0,4,3.0,2
1609625.0,4,1.0,2
1609710.0,4,5.0,1
1609898.0,4,0.0,2
1609916.0,4,4.0,0
1610310.0,4,1.0,1
1610621.0,4,5.0,0
1610774.0,4,3.0,1
1610908.0,4,5.0,0
1610948.0,4,0.0,1
1610959.0,4,7.0,0
1611188.0,4,1.0,3
1611258.0,4,1.0,1
1611400.0,4,1.0,3
1611405.0,4,1.0,3
1611406.0,4,1.0,3
1611441.0,4,2.0,0
1611620.0,4,0.0,2
1611760.0,4,3.0,2
1611894.0,4,1.0,1
1611923.0,4,4.0,1
1611966.0,4,0.0,1
1611999.0,4,3.0,0
1612039.0,4,5.0,0
1612110.0,4,3.0,1
1612271.0,4,1.0,3
1612320.0,4,4.0,3
1612362.0,4,6.0,3
1612555.0,4,3.0,2
1612624.0,4,4.0,6
1615980.0,4,1.0,0
1616093.0,4,6.0,1
1616173.0,4,2.0,3
1616494.0,4,5.0,0
1616674.0,4,0.0,2
1617462.0,4,1.0,3
1617870.0,4,4.0,3
1617946.0,4,1.0,0
1618191.0,4,3.0,0
1618677.0,4,2.0,0
1618943.0,4,5.0,4
1619146.0,4,2.0,1
1620137.0,4,4.0,2
1620339.0,4,1.0,0
1620344.0,4,1.0,1
1620774.0,4,1.0,5
1620872.0,4,5.0,4
1621077.0,4,6.0,3
1621745.0,4,1.0,0
1622822.0,4,2.0,0
1623361.0,4,0.0,2
1623561.0,4,1.0,1
1623796.0,4,2.0,3
1623966.0,4,1.0,3
1624158.0,4,7.0,2
1624768.0,4,3.0,0
1625622.0,4,0.0,2
1625654.0,4,1.0,0
1625655.0,4,1.0,1
1625860.0,4,1.0,0
1625868.0,4,6.0,4
1626386.0,4,0.0,2
1626913.0,4,3.0,3
1627131.0,4,0.0,0
1627578.0,4,5.0,0
1627719.0,4,1.0,0
1627720.0,4,1.0,3
1628186.0,4,1.0,3
1628225.0,4,1.0,1
1628920.0,4,0.0,2
1629338.0,4,2.0,3
1629424.0,4,4.0,4
1629571.0,4,3.0,0
1629820.0,4,1.0,3
1630691.0,4,3.0,0
1630809.0,4,6.0,4
1631040.0,4,1.0,0
1631624.0,4,4.0,3
1631815.0,4,1.0,5
1632140.0,4,0.0,1
1632678.0,4,0.0,0
1633198.0,4,2.0,3
1633209.0,4,2.0,1
1633282.0,4,4.0,2
1633391.0,4,0.0,0
1634117.0,4,1.0,0
1634882.0,4,0.0,2
1635086.0,4,1.0,0
1635122.0,4,2.0,3
1635138.0,4,3.0,4
1635536.0,4,3.0,2
1635689.0,4,3.0,0
1636359.0,4,1.0,3
1636663.0,4,1.0,0
1636972.0,4,1.0,1
1637035.0,4,2.0,3
1637606.0,4,0.0,0
1638109.0,4,1.0,3
1638284.0,4,3.0,2
1639275.0,4,1.0,0
1639419.0,4,2.0,1
1640410.0,4,7.0,1
1640550.0,4,1.0,1
1641373.0,4,5.0,0
1641805.0,4,1.0,0
1641877.0,4,0.0,2
1643237.0,4,1.0,1
1643691.0,4,3.0,0
1643962.0,4,1.0,0
1644183.0,4,1.0,3
1645171.0,4,6.0,2
1645928.0,4,0.0,0
1646128.0,4,1.0,0
1646268.0,4,1.0,0
1646458.0,4,3.0,0
1648016.0,4,3.0,0
1648054.0,4,3.0,0
1648286.0,4,5.0,2
1649148.0,4,1.0,1
1651221.0,4,3.0,0
1651610.0,4,2.0,3
1652451.0,4,5.0,0
1652667.0,4,3.0,4
1653652.0,4,1.0,0
1654070.0,4,1.0,0
1654375.0,4,3.0,1
1654673.0,4,1.0,0
1654882.0,4,1.0,1
1655005.0,4,2.0,3
1655300.0,4,3.0,2
1657059.0,4,5.0,2
1657257.0,4,1.0,0
1657726.0,4,0.0,0
1658441.0,4,1.0,0
1659276.0,4,1.0,0
1661399.0,4,1.0,1
1663978.0,4,6.0,4
1664285.0,4,1.0,3
1664793.0,4,1.0,1
1666086.0,4,1.0,3
1666201.0,4,2.0,0
1667012.0,4,1.0,0
1667325.0,4,5.0,2
1669161.0,4,5.0,4
1671546.0,4,1.0,1
1671745.0,4,4.0,4
1672770.0,4,1.0,1
1673837.0,4,1.0,4
1674293.0,4,1.0,0
1674588.0,4,2.0,0
1679425.0,4,1.0,1
1679471.0,4,1.0,1
1679515.0,4,0.0,2
1679886.0,4,5.0,0
1680346.0,4,2.0,3
1680402.0,4,3.0,0
1683259.0,4,2.0,1
1683624.0,4,4.0,2
1686215.0,4,4.0,6
1688644.0,4,1.0,0
1689162.0,4,0.0,0
1689704.0,4,2.0,3
1690042.0,4,2.0,3
1690143.0,4,4.0,0
1693405.0,4,1.0,0
1693634.0,4,4.0,1
1693839.0,4,1.0,1
1694461.0,4,5.0,4
1694669.0,4,2.0,0
1696328.0,4,1.0,0
1696600.0,4,3.0,2
1696667.0,4,3.0,2
1697302.0,4,1.0,3
1698079.0,4,1.0,0
1699512.0,4,4.0,2
1699571.0,4,1.0,5
1700553.0,4,1.0,3
1704576.0,4,2.0,3
1706050.0,4,1.0,2
1706795.0,4,1.0,0
1707359.0,4,2.0,1
1707407.0,4,5.0,1
1707887.0,4,2.0,0
1711430.0,4,5.0,2
1711852.0,4,2.0,3
1713838.0,4,1.0,0
1714065.0,4,1.0,0
1714180.0,4,4.0,2
1716398.0,4,4.0,0
1717178.0,4,0.0,4
1717436.0,4,1.0,1
1718635.0,4,2.0,4
1720132.0,4,5.0,0
1722771.0,4,4.0,2
1725002.0,4,6.0,2
1725233.0,4,1.0,5
1725571.0,4,1.0,1
1730173.0,4,1.0,0
1731465.0,4,3.0,4
1731941.0,4,4.0,2
1733420.0,4,1.0,0
1734795.0,4,1.0,1
1738255.0,4,1.0,0
1743760.0,4,1.0,3
1746664.0,4,6.0,3
1747400.0,4,1.0,0
1748236.0,4,1.0,0
1748969.0,4,4.0,4
1749604.0,4,5.0,1
1755313.0,4,3.0,2
1756267.0,4,1.0,3
1756902.0,4,1.0,0
1758363.0,4,5.0,2
1758578.0,4,1.0,3
1759072.0,4,2.0,3
1759975.0,4,0.0,1
1762383.0,4,3.0,0
1764246.0,4,3.0,0
1765853.0,4,3.0,4
1766727.0,4,1.0,0
1773946.0,4,6.0,0
1777772.0,4,6.0,2
1781033.0,4,0.0,1
1781467.0,4,2.0,4
1781468.0,4,1.0,2
1781683.0,4,0.0,2
1782154.0,4,2.0,0
1787148.0,4,1.0,3
1788019.0,4,3.0,4
1789230.0,4,0.0,0
1791940.0,4,3.0,2
1795910.0,4,2.0,3
1797214.0,4,1.0,1
1797631.0,4,3.0,4
1801154.0,4,2.0,3
1804553.0,4,4.0,1
1806351.0,4,1.0,0
1810224.0,4,2.0,3
1814060.0,4,1.0,0
1815025.0,4,3.0,0
1817904.0,4,1.0,1
1819280.0,4,2.0,1
1824332.0,4,0.0,3
1832545.0,4,1.0,0
1832991.0,4,1.0,0
1833446.0,4,0.0,0
1835716.0,4,4.0,3
1836561.0,4,1.0,0
1836653.0,4,5.0,4
1839921.0,4,0.0,0
1840229.0,4,3.0,3
1840252.0,4,1.0,3
1845746.0,4,3.0,1
1846091.0,4,1.0,3
1847575.0,4,3.0,2
1850034.0,4,1.0,0
1851594.0,4,3.0,2
1853788.0,4,1.0,0
1856504.0,4,3.0,2
1856917.0,4,5.0,0
1858201.0,4,3.0,3
1858954.0,4,6.0,1
1859769.0,4,3.0,0
1861709.0,4,0.0,2
1862544.0,4,2.0,3
1863640.0,4,2.0,3
1863759.0,4,2.0,3
1867920.0,4,0.0,4
1867978.0,4,2.0,1
1868556.0,4,1.0,1
1874524.0,4,3.0,3
1874653.0,4,1.0,4
1880489.0,4,5.0,5
1885199.0,4,1.0,3
1889104.0,4,1.0,0
1892299.0,4,1.0,0
1896022.0,4,1.0,2
1897420.0,4,3.0,2
1904812.0,4,2.0,4
1906300.0,4,5.0,0
1907580.0,4,3.0,2
1908976.0,4,2.0,3
1911423.0,4,6.0,0
1911736.0,4,0.0,1
1915775.0,4,1.0,0
1921263.0,4,1.0,0
1922170.0,4,0.0,2
1931833.0,4,5.0,0
1942914.0,4,1.0,3
1951249.0,4,0.0,0
1980436.0,4,5.0,0
2081336.0,4,1.0,3
2083926.0,4,6.0,4
2085798.0,4,3.0,2
2144922.0,4,1.0,0
2172553.0,4,3.0,0
2223535.0,4,3.0,2
2336156.0,4,1.0,4
2405493.0,4,1.0,0
2422026.0,4,1.0,3
2465804.0,4,1.0,0
2607842.0,4,4.0,2
2615932.0,4,6.0,3
2694570.0,4,1.0,2
2767514.0,4,2.0,3
2832834.0,4,1.0,0
2834004.0,4,1.0,0
2902935.0,4,0.0,0
2964761.0,4,3.0,2
3103922.0,4,1.0,4
3238593.0,4,4.0,4
3271238.0,27,0.0,
3288549.0,4,6.0,1
3303624.0,4,4.0,2
3597785.0,4,1.0,3
3638699.0,4,1.0,3
3958314.0,4,5.0,0
3984676.0,4,4.0,2
4007119.0,4,4.0,0
4359586.0,4,0.0,1
4515036.0,4,1.0,3
5055332.0,4,1.0,0
5266845.0,4,2.0,3
5423502.0,4,2.0,0
5476610.0,4,4.0,2
5805919.0,4,1.0,2
5870705.0,4,6.0,4
6068049.0,4,2.0,0
6205988.0,4,1.0,1
6624750.0,4,5.0,4
7025370.0,4,5.0,2
7326868.0,4,2.0,3
7524637.0,4,1.0,2
7524638.0,4,4.0,1
7524640.0,4,2.0,4
7524647.0,4,7.0,2
7524649.0,4,4.0,2
7524705.0,4,4.0,3
7524708.0,4,4.0,1
7524712.0,4,4.0,0
7524715.0,4,4.0,4
7524725.0,4,4.0,3
7524727.0,4,1.0,1
7524729.0,4,4.0,1
7524733.0,4,1.0,2
7524763.0,4,4.0,2
7524835.0,28,0.0,
7546811.0,4,1.0,3
7546814.0,4,1.0,3
7546815.0,4,1.0,3
7546822.0,4,2.0,0
7546824.0,4,5.0,1
7546825.0,4,2.0,0
7546826.0,4,6.0,2
7546829.0,4,3.0,4
7546854.0,4,4.0,3
7546859.0,4,3.0,3
7546861.0,4,0.0,2
7546870.0,4,4.0,3
7546873.0,4,2.0,0
7546875.0,4,0.0,2
7546882.0,4,5.0,5
7546903.0,4,3.0,1
7546912.0,4,6.0,0
7546930.0,4,4.0,2
7546931.0,4,4.0,3
7546932.0,4,4.0,4
7546933.0,4,7.0,1
7546934.0,4,4.0,2
7546960.0,4,6.0,1
7546964.0,4,6.0,3
7546970.0,4,3.0,0
7547034.0,4,0.0,2
7547037.0,4,5.0,2
7547038.0,4,5.0,2
7547040.0,4,0.0,2
7547042.0,4,0.0,1
7547052.0,4,3.0,3
7547058.0,4,3.0,0
7547061.0,4,3.0,3
7547063.0,4,3.0,0
7547072.0,4,1.0,3
7547081.0,4,4.0,0
7547085.0,4,2.0,3
7547100.0,4,5.0,2
7547117.0,4,0.0,3
7547124.0,4,4.0,6
7547135.0,4,0.0,3
7547142.0,4,1.0,0
7547145.0,4,6.0,1
7547148.0,4,5.0,2
7547152.0,4,5.0,2
7547157.0,4,0.0,2
7547181.0,4,5.0,0
7547189.0,4,3.0,2
7547192.0,4,3.0,2
7547202.0,4,2.0,0
7547207.0,4,4.0,1
7547210.0,4,5.0,1
7547226.0,4,6.0,5
7547239.0,4,3.0,3
7547242.0,4,3.0,0
7547244.0,4,6.0,3
7547247.0,4,6.0,5
7547248.0,4,6.0,3
7547251.0,4,6.0,3
7547312.0,4,4.0,1
7547330.0,4,6.0,2
7547344.0,4,5.0,5
7547348.0,4,3.0,2
7547365.0,4,6.0,4
7547369.0,4,4.0,3
7547384.0,4,6.0,2
7547400.0,4,3.0,2
7547404.0,4,3.0,2
7547405.0,4,3.0,2
7547408.0,4,3.0,2
7547419.0,4,5.0,2
7547431.0,4,1.0,1
7547432.0,4,2.0,1
7547433.0,4,2.0,1
7547435.0,4,2.0,1
7547438.0,4,2.0,1
7547439.0,4,2.0,1
7547443.0,4,1.0,1
7547503.0,4,0.0,4
7547504.0,4,6.0,0
7547512.0,4,5.0,5
7547516.0,4,3.0,2
7547525.0,4,4.0,2
7547530.0,4,2.0,3
7547596.0,4,3.0,4
7547599.0,4,3.0,2
7547605.0,4,4.0,5
7547612.0,4,2.0,0
7547627.0,4,2.0,3
7547636.0,4,4.0,6
7547637.0,4,7.0,2
7547639.0,4,5.0,4
7547697.0,4,3.0,0
7547699.0,4,4.0,2
7547701.0,4,3.0,2
7547729.0,4,5.0,1
7547730.0,4,6.0,2
7547742.0,4,4.0,4
7547749.0,4,2.0,2
7547753.0,4,7.0,1
7547766.0,4,3.0,2
7547773.0,4,6.0,2
7547777.0,4,5.0,0
7547795.0,4,4.0,2
7547796.0,4,3.0,0
7547838.0,4,2.0,3
7547868.0,4,7.0,1
7547877.0,4,1.0,0
7547890.0,4,0.0,3
7547917.0,4,1.0,0
7547921.0,4,1.0,3
7547922.0,4,1.0,3
7547929.0,4,0.0,3
7547937.0,4,6.0,3
7547945.0,4,5.0,0
7547960.0,4,5.0,5
7547961.0,4,6.0,2
7547990.0,4,7.0,0
7547991.0,4,3.0,4
7548004.0,4,4.0,3
7548006.0,4,3.0,2
7548008.0,4,5.0,4
7548060.0,4,2.0,3
7548068.0,4,5.0,0
7548075.0,4,6.0,1
7548077.0,4,6.0,3
7548081.0,4,4.0,2
7548098.0,4,3.0,1
7548117.0,4,1.0,0
7548125.0,4,5.0,2
7548128.0,4,4.0,2
7548141.0,4,1.0,0
7548189.0,4,6.0,4
7548194.0,4,6.0,4
7548195.0,4,6.0,4
7548196.0,4,6.0,4
7548204.0,4,6.0,4
7548211.0,4,6.0,4
7548250.0,4,6.0,1
7548263.0,4,5.0,2
7548285.0,4,6.0,0
7548287.0,4,6.0,5
7548289.0,4,7.0,0
7548314.0,4,3.0,2
7548317.0,4,0.0,2
7548327.0,4,4.0,1
7548331.0,4,4.0,1
7548337.0,4,4.0,1
7548339.0,4,4.0,0
7548362.0,4,3.0,0
7548388.0,4,2.0,0
7548440.0,4,5.0,5
7548452.0,4,2.0,3
7548491.0,4,6.0,0
7548513.0,4,6.0,2
7548542.0,4,6.0,0
7548544.0,4,6.0,0
7548545.0,4,6.0,0
7548552.0,4,1.0,0
7548554.0,4,6.0,1
7548555.0,4,6.0,1
7548556.0,4,6.0,1
7548560.0,4,6.0,1
7548564.0,4,5.0,0
7548566.0,4,3.0,2
7548574.0,4,2.0,3
7548581.0,4,4.0,2
7548585.0,4,2.0,0
7548624.0,4,3.0,2
7548663.0,4,2.0,3
7548673.0,4,0.0,2
7548674.0,4,3.0,2
7548688.0,4,1.0,0
7548699.0,4,5.0,2
7548701.0,4,2.0,0
7548707.0,4,3.0,1
7548756.0,4,6.0,1
7548769.0,4,4.0,5
7548782.0,4,1.0,0
7548788.0,4,3.0,0
7548803.0,4,1.0,3
7548804.0,4,6.0,4
7548828.0,4,2.0,0
7548830.0,4,2.0,0
7548831.0,4,2.0,0
7548834.0,4,3.0,2
7548835.0,4,2.0,0
7548865.0,4,5.0,2
7548868.0,4,4.0,4
7548921.0,4,1.0,3
7548930.0,4,2.0,2
7548945.0,4,2.0,2
7548946.0,4,3.0,2
7548947.0,4,3.0,2
7548983.0,4,6.0,5
7549003.0,4,1.0,4
7549017.0,4,2.0,0
7549020.0,4,3.0,2
7549037.0,4,1.0,3
7549041.0,4,6.0,2
7549052.0,4,4.0,0
7549083.0,4,4.0,1
7549088.0,4,3.0,4
7549106.0,4,0.0,1
7549161.0,4,5.0,0
7549169.0,4,1.0,1
7549184.0,4,5.0,2
7549294.0,4,1.0,0
7549317.0,4,1.0,2
7549341.0,4,2.0,1
7549418.0,4,7.0,1
7549452.0,4,1.0,1
7549453.0,4,1.0,1
7549482.0,4,1.0,1
7549501.0,4,2.0,2
7549502.0,4,2.0,2
7549508.0,4,0.0,3
7549511.0,4,3.0,0
7549512.0,4,5.0,4
7549513.0,4,4.0,1
7549518.0,4,0.0,0
7549538.0,4,1.0,1
7549542.0,4,4.0,2
7549563.0,4,4.0,1
7549570.0,4,4.0,1
7549596.0,4,3.0,0
7549608.0,4,1.0,0
7549618.0,4,6.0,2
7549638.0,4,1.0,0
7549642.0,4,6.0,2
7549685.0,4,0.0,3
7549705.0,4,2.0,3
7549748.0,4,3.0,2
7549756.0,4,3.0,0
7549775.0,4,3.0,4
7549788.0,4,2.0,3
7549797.0,4,0.0,3
7549798.0,4,0.0,1
7549816.0,4,3.0,2
7549838.0,4,5.0,0
7549843.0,4,6.0,5
7549896.0,4,0.0,0
7549908.0,4,3.0,4
7549916.0,4,3.0,1
7549949.0,4,3.0,2
7549985.0,4,4.0,0
7549993.0,4,3.0,4
7550008.0,4,5.0,4
7550012.0,4,6.0,2
7550018.0,4,0.0,2
7550093.0,4,3.0,2
7550095.0,4,1.0,1
7550105.0,4,2.0,0
7550139.0,4,0.0,0
7550140.0,4,0.0,3
7550156.0,4,3.0,0
7550193.0,4,4.0,0
7550202.0,4,3.0,4
7550228.0,4,3.0,0
7550234.0,4,0.0,1
7550246.0,4,2.0,3
7550251.0,4,3.0,4
7550253.0,4,3.0,0
7550276.0,4,6.0,1
7550288.0,4,5.0,0
7550291.0,4,2.0,3
7550306.0,4,1.0,3
7550332.0,4,0.0,1
7550335.0,4,5.0,0
7550350.0,4,3.0,2
7550352.0,4,3.0,2
7550353.0,4,3.0,2
7550372.0,4,1.0,1
7550466.0,4,1.0,1
7550474.0,4,1.0,1
7550487.0,4,3.0,1
7550488.0,4,3.0,4
7550494.0,4,0.0,0
7550497.0,4,0.0,2
7550501.0,4,1.0,0
7550504.0,4,1.0,2
7550518.0,4,5.0,2
7550530.0,4,5.0,0
7550535.0,4,6.0,4
7550540.0,4,4.0,2
7550567.0,4,3.0,2
7550589.0,4,4.0,5
7550606.0,4,3.0,4
7550613.0,4,2.0,0
7550641.0,4,3.0,2
7550654.0,4,3.0,3
7550655.0,4,3.0,3
7550677.0,4,5.0,2
7550680.0,4,5.0,4
7550711.0,4,5.0,2
7550734.0,4,3.0,3
7550737.0,4,3.0,3
7550740.0,4,3.0,3
7550769.0,4,6.0,3
7550843.0,4,7.0,1
7550850.0,4,6.0,2
7550860.0,4,3.0,4
7550964.0,4,2.0,1
7550966.0,4,2.0,2
7550970.0,4,2.0,2
7550973.0,4,2.0,2
7550978.0,4,2.0,2
7550979.0,4,2.0,2
7551001.0,4,1.0,1
7551004.0,4,1.0,0
7551104.0,4,7.0,1
7551177.0,4,4.0,4
7551249.0,4,0.0,3
7551264.0,4,3.0,2
7551329.0,4,1.0,3
7551350.0,4,3.0,0
7551452.0,4,0.0,0
7551553.0,4,5.0,5
7551582.0,4,2.0,3
7551638.0,4,1.0,0
7551659.0,4,6.0,3
7551728.0,4,5.0,4
7551730.0,4,6.0,4
7551752.0,4,0.0,4
7551897.0,4,0.0,1
7551907.0,4,6.0,4
7552004.0,4,3.0,0
7552047.0,4,3.0,0
7552060.0,4,6.0,3
7552061.0,4,6.0,3
7552151.0,4,7.0,2
7552154.0,4,3.0,2
7552183.0,4,1.0,0
7552245.0,4,3.0,3
7552246.0,4,1.0,3
7552291.0,4,0.0,2
7552358.0,4,1.0,1
7552372.0,4,5.0,0
7552454.0,4,3.0,2
7552455.0,4,3.0,4
7552530.0,4,5.0,2
7552600.0,4,3.0,2
7552664.0,4,0.0,3
7552672.0,4,3.0,1
7552724.0,4,4.0,3
7552726.0,4,4.0,3
7552745.0,4,4.0,1
7552758.0,4,3.0,0
7552810.0,4,0.0,0
7552811.0,4,0.0,0
7552870.0,4,2.0,3
7552910.0,4,1.0,0
7552953.0,4,1.0,0
7552979.0,4,3.0,3
7553038.0,4,4.0,2
7553041.0,4,2.0,2
7553048.0,4,2.0,3
7553053.0,4,5.0,2
7553117.0,4,1.0,2
7553236.0,4,2.0,0
7553315.0,4,7.0,1
7553355.0,4,0.0,0
7553451.0,4,1.0,3
7553488.0,4,4.0,1
7553503.0,4,3.0,2
7553615.0,4,5.0,0
7553647.0,4,0.0,1
7553689.0,4,4.0,0
7553748.0,4,3.0,1
7553771.0,4,5.0,2
7553793.0,4,0.0,2
7553798.0,4,2.0,3
7553822.0,4,3.0,2
7553832.0,4,6.0,1
7553861.0,4,6.0,1
7553877.0,4,0.0,0
7553901.0,4,4.0,1
7553954.0,4,5.0,0
7553984.0,4,2.0,0
7553993.0,4,2.0,3
7554020.0,4,0.0,1
7554118.0,4,4.0,1
7554166.0,4,4.0,3
7554299.0,4,6.0,5
7554322.0,4,1.0,3
7554462.0,4,5.0,4
7554570.0,4,1.0,3
7554572.0,4,1.0,3
7554655.0,4,2.0,0
7554813.0,4,1.0,3
7554814.0,4,1.0,3
7554816.0,4,1.0,3
7554858.0,4,2.0,3
7555156.0,4,5.0,4
7555411.0,4,7.0,2
7555451.0,4,1.0,2
7555468.0,4,7.0,2
7555469.0,4,7.0,0
7555526.0,4,6.0,4
7555561.0,4,5.0,1
7555629.0,4,2.0,3
7555710.0,4,5.0,4
7555717.0,4,7.0,1
7555773.0,4,4.0,4
7555813.0,4,1.0,0
7555832.0,4,5.0,2
7555870.0,4,1.0,0
7555884.0,4,1.0,5
7555887.0,4,5.0,5
7555914.0,4,6.0,3
7555918.0,4,6.0,0
7555959.0,4,3.0,4
7556009.0,4,5.0,0
7556101.0,4,6.0,2
7556141.0,4,4.0,4
7556148.0,4,0.0,3
7556222.0,4,3.0,3
7556236.0,4,6.0,1
7556321.0,4,6.0,4
7556359.0,4,4.0,4
7556445.0,4,3.0,1
7556508.0,4,5.0,5
7556525.0,4,0.0,2
7556556.0,4,3.0,3
7556619.0,4,1.0,3
7556695.0,4,0.0,2
7556816.0,4,6.0,4
7556893.0,4,1.0,0
7556967.0,4,2.0,1
7557021.0,4,3.0,2
7557084.0,4,3.0,2
7557221.0,4,5.0,2
7557235.0,4,6.0,0
7557273.0,4,3.0,2
7557467.0,4,6.0,2
7557480.0,4,4.0,4
7557484.0,4,2.0,0
7557493.0,4,1.0,0
7557499.0,4,6.0,2
7557679.0,4,1.0,0
7557761.0,4,0.0,0
7557831.0,4,4.0,3
7557852.0,4,1.0,0
7557886.0,4,6.0,2
7557989.0,4,3.0,2
7558086.0,4,2.0,3
7558222.0,4,6.0,0
7558387.0,4,1.0,5
7558441.0,4,3.0,2
7558506.0,4,1.0,4
7558772.0,4,6.0,2
7558775.0,4,6.0,2
7558833.0,4,1.0,4
7558839.0,4,3.0,4
7559077.0,4,5.0,0
7559092.0,4,0.0,0
7559255.0,4,4.0,2
7559315.0,4,1.0,0
7559319.0,4,1.0,0
7559320.0,4,1.0,3
7559331.0,4,3.0,0
7559333.0,4,3.0,0
7559339.0,4,1.0,0
7559344.0,4,7.0,1
7559585.0,4,3.0,4
7559912.0,4,0.0,1
7560015.0,4,7.0,1
7560020.0,4,3.0,0
7560173.0,4,3.0,2
7560213.0,4,6.0,5
7560366.0,4,0.0,2
7560369.0,4,2.0,3
7560468.0,4,1.0,3
7560604.0,4,4.0,2
7560655.0,4,1.0,3
7560847.0,4,6.0,3
7560981.0,4,1.0,0
7560991.0,4,1.0,0
7560998.0,4,1.0,0
7561164.0,4,3.0,1
7561342.0,4,1.0,3
7561587.0,4,0.0,2
7561588.0,4,0.0,2
7561690.0,4,1.0,4
7561891.0,4,2.0,0
7561985.0,4,1.0,5
7561986.0,4,1.0,5
7562310.0,4,6.0,3
7562410.0,4,6.0,4
7562688.0,4,6.0,3
7562800.0,4,0.0,2
7562842.0,4,1.0,3
7563054.0,4,3.0,2
7563329.0,4,2.0,3
7563677.0,4,3.0,2
7563699.0,4,0.0,1
7564049.0,4,2.0,3
7564281.0,4,0.0,0
7564351.0,4,6.0,4
7564679.0,4,1.0,0
7564978.0,4,0.0,4
7564985.0,4,3.0,2
7565031.0,4,7.0,0
7565158.0,4,1.0,0
7565228.0,4,3.0,0
7565273.0,4,4.0,2
7565361.0,4,1.0,3
7570030.0,4,6.0,3
7570044.0,4,1.0,0
7570180.0,4,7.0,1
7570659.0,4,1.0,3
7570702.0,4,0.0,0
7570704.0,4,0.0,0
7571047.0,4,1.0,3
7571100.0,4,2.0,0
7571422.0,4,2.0,3
7571518.0,4,0.0,1
7571875.0,4,1.0,5
7571876.0,4,1.0,5
7571879.0,4,1.0,5
7572034.0,4,5.0,3
7576458.0,4,1.0,0
7576604.0,4,1.0,1
7581390.0,4,1.0,0
7600904.0,4,1.0,0
7610134.0,4,1.0,0
7621932.0,4,0.0,0
7645162.0,4,1.0,3
7655734.0,4,1.0,0
7670957.0,4,6.0,0
7673088.0,29,0.0,
7673280.0,4,2.0,3
7695260.0,4,1.0,3
7700220.0,4,1.0,0
7713119.0,4,1.0,0
7715051.0,4,1.0,0
7747364.0,4,1.0,1
7759782.0,4,1.0,0
7797716.0,4,1.0,1
7821981.0,4,1.0,1
7865762.0,4,1.0,3
7869742.0,4,5.0,1
7877995.0,4,1.0,3
7887694.0,4,3.0,1
7902414.0,4,2.0,3
7918282.0,4,1.0,3
7992912.0,4,2.0,3
8017418.0,4,1.0,0
8018137.0,4,5.0,1
8044911.0,4,2.0,4
8045020.0,4,0.0,1
8098023.0,4,6.0,4
8102592.0,4,1.0,0
8115743.0,4,1.0,3
8124790.0,4,1.0,0
8127045.0,4,1.0,0
8145522.0,4,1.0,0
8160953.0,4,1.0,0
8162712.0,4,1.0,0
8187296.0,4,2.0,3
8187509.0,30,0.0,
8196783.0,4,1.0,1
8200174.0,4,5.0,0
8214005.0,4,1.0,0
8220414.0,4,2.0,0
8226780.0,4,1.0,1
8239707.0,4,1.0,0
8239711.0,4,1.0,3
8241044.0,4,1.0,3
8243306.0,4,7.0,1
8249003.0,4,1.0,1
8254676.0,4,4.0,4
8261207.0,4,5.0,0
8270188.0,4,4.0,6
8333734.0,4,1.0,3
8336054.0,4,1.0,0
8336905.0,4,1.0,3
8343969.0,4,1.0,4
8373660.0,4,6.0,1
8382576.0,4,1.0,4
8384032.0,4,1.0,0
8385955.0,4,1.0,3
8386045.0,4,1.0,0
8392529.0,4,0.0,0
8415054.0,4,1.0,1
8440502.0,4,1.0,0
8440602.0,4,1.0,3
8448186.0,4,1.0,3
8452192.0,4,1.0,3
8474728.0,4,1.0,0
8480514.0,4,1.0,4
8480694.0,4,0.0,0
8519139.0,4,1.0,0
8519140.0,4,1.0,0
8545497.0,4,1.0,1
8545715.0,4,1.0,0
8547744.0,4,2.0,3
8548798.0,4,2.0,3
8553562.0,4,1.0,0
8561757.0,4,6.0,2
8569976.0,4,1.0,3
8575166.0,4,4.0,4
8594759.0,4,2.0,3
8608288.0,4,2.0,3
8622317.0,4,4.0,2
8635046.0,4,1.0,0
8636373.0,4,0.0,2
8663279.0,4,3.0,1
8668823.0,4,1.0,3
8672789.0,4,3.0,2
8705275.0,4,4.0,4
8705976.0,4,1.0,2
8709252.0,4,1.0,0
8713066.0,4,1.0,0
8719570.0,4,1.0,1
8780991.0,4,5.0,0
8802989.0,4,4.0,4
8975045.0,4,1.0,4
8983788.0,4,1.0,3
9107306.0,4,6.0,2
9186324.0,4,1.0,1
9192291.0,4,1.0,0
9221331.0,4,4.0,1
9363580.0,4,3.0,2
9395092.0,4,6.0,3
9396486.0,4,4.0,1
9425993.0,4,5.0,4
9426434.0,4,3.0,3
9460288.0,4,1.0,1
9485764.0,4,1.0,0
9560557.0,4,1.0,0
9598542.0,3,3.0,0
9618749.0,4,1.0,0
9649398.0,4,1.0,1
9650399.0,4,1.0,2
9655597.0,4,3.0,2
9655669.0,4,1.0,1
9688996.0,4,1.0,0
9697394.0,4,1.0,1
9713217.0,4,1.0,0
9741309.0,5,1.0,0
9777652.0,4,1.0,0
9802196.0,4,1.0,3
9856113.0,4,1.0,3
10124166.0,4,2.0,4
10209981.0,4,1.0,1
10229057.0,4,3.0,4
10242030.0,31,0.0,
10309339.0,4,1.0,1
10391083.0,4,2.0,4
10430108.0,4,2.0,3
10521690.0,4,3.0,0
10531188.0,4,1.0,1
10540923.0,4,1.0,1
10541237.0,4,1.0,4
10560867.0,4,1.0,1
10580749.0,4,1.0,1
10582172.0,4,3.0,2
10629118.0,4,2.0,4
10642808.0,32,0.0,
10646987.0,4,8.0,0
10689010.0,4,5.0,3
10701802.0,4,3.0,1
10730339.0,4,1.0,0
10757824.0,4,1.0,1
10781808.0,4,2.0,4
10838972.0,4,9.0,0
10862430.0,4,2.0,4
10919854.0,4,1.0,2
10993159.0,4,1.0,0
11093721.0,4,1.0,1
11101269.0,4,2.0,5
11156230.0,4,1.0,0
11190090.0,4,1.0,3
11280612.0,4,1.0,2
11321344.0,4,1.0,4
11361872.0,4,2.0,5
11480362.0,4,1.0,5
11621897.0,4,1.0,3
11647634.0,4,1.0,0
11755157.0,4,1.0,1
11832562.0,4,2.0,5
11858888.0,4,1.0,3
11937643.0,4,1.0,4
12148057.0,4,9.0,0
12246121.0,4,2.0,3
12272632.0,4,2.0,4
12345363.0,33,0.0,
12468499.0,4,1.0,2
12473585.0,4,1.0,3
12495155.0,4,1.0,1
12517745.0,4,5.0,3
12585043.0,4,2.0,5
12659887.0,4,1.0,1
12685324.0,4,1.0,2
12858100.0,4,5.0,3
13032120.0,4,2.0,4
13068510.0,4,2.0,4
13113440.0,4,3.0,2
13119887.0,4,1.0,2
13211835.0,4,1.0,0
13249485.0,4,1.0,1
13249539.0,4,2.0,5
13250412.0,4,2.0,5
13264072.0,4,2.0,4
13267134.0,4,1.0,1
13277839.0,4,2.0,5
13387137.0,4,1.0,0
13418273.0,4,1.0,5
13440111.0,34,0.0,
13451787.0,4,3.0,1
13487950.0,4,1.0,2
13500943.0,4,3.0,2
13540556.0,4,5.0,3
13555482.0,4,2.0,4
13577446.0,4,1.0,1
13582048.0,4,1.0,2
13592909.0,4,1.0,0
13757255.0,4,1.0,1
13764981.0,4,2.0,4
13781180.0,4,1.0,1
13799370.0,4,5.0,3
13814225.0,4,1.0,1
13815594.0,4,3.0,2
13830791.0,4,1.0,2
13851147.0,4,8.0,0
13976394.0,4,2.0,3
14028760.0,4,2.0,5
14061194.0,4,1.0,1
14063842.0,4,1.0,3
14102041.0,4,2.0,4
14107977.0,4,3.0,1
14125294.0,4,2.0,4
14187712.0,4,4.0,4
14240790.0,4,2.0,4
14279073.0,4,5.0,3
14286516.0,4,6.0,1
14431879.0,4,2.0,5
14617155.0,4,1.0,1
14751971.0,4,3.0,1
14875283.0,4,2.0,4
14968728.0,4,5.0,3
14975247.0,4,3.0,4
14998706.0,4,2.0,4
15088564.0,4,2.0,4
15109429.0,4,2.0,4
15131759.0,4,2.0,4
15320204.0,4,1.0,0
15471932.0,4,1.0,3
15694735.0,4,1.0,2
15763424.0,4,1.0,3
15899443.0,4,1.0,0
15904650.0,4,5.0,1
16006868.0,4,4.0,2
16047363.0,4,1.0,0
16105390.0,4,1.0,2
16123419.0,4,0.0,2
16244775.0,4,1.0,5
16260533.0,4,2.0,5
16386003.0,4,1.0,1
16435204.0,4,1.0,2
16450160.0,4,3.0,0
16518464.0,4,4.0,1
16863844.0,4,5.0,1
16948389.0,4,2.0,4
17095980.0,4,0.0,0
17107817.0,4,6.0,4
17356730.0,4,1.0,1
17404720.0,4,6.0,5
17445010.0,4,2.0,4
17574792.0,4,1.0,2
17673072.0,4,1.0,0
17736816.0,4,4.0,1
17757294.0,4,1.0,3
17810893.0,4,1.0,1
18046385.0,4,1.0,1
18090009.0,4,1.0,5
18244184.0,4,1.0,1
18251048.0,4,1.0,1
18285216.0,4,4.0,0
18320413.0,4,4.0,4
18342891.0,4,3.0,2
18461576.0,4,1.0,0
18483815.0,4,1.0,1
18722661.0,4,0.0,3
18722672.0,4,4.0,0
18722676.0,4,5.0,3
18722681.0,4,5.0,0
18722748.0,4,0.0,1
18722749.0,4,3.0,4
18722751.0,4,3.0,4
18722763.0,4,3.0,4
18722766.0,4,3.0,2
18722767.0,4,1.0,1
18722834.0,4,3.0,1
18722838.0,4,3.0,1
18722843.0,4,3.0,0
18722850.0,4,4.0,1
18722853.0,4,9.0,0
18722854.0,4,5.0,3
18722930.0,4,3.0,2
18722931.0,4,0.0,2
18722934.0,4,3.0,1
18722937.0,4,3.0,1
18722941.0,4,3.0,1
18722944.0,4,3.0,0
18722947.0,4,1.0,2
18722953.0,4,6.0,3
18723031.0,4,3.0,2
18723033.0,4,3.0,1
18723034.0,4,3.0,1
18723043.0,4,3.0,2
18723046.0,4,1.0,1
18723048.0,4,5.0,3
18723052.0,4,6.0,3
18723054.0,4,3.0,2
18723055.0,4,6.0,3
18723058.0,4,5.0,3
18723060.0,4,6.0,2
18723062.0,4,6.0,5
18723063.0,4,3.0,2
18723064.0,4,2.0,5
18723068.0,4,1.0,0
18723072.0,4,0.0,3
18723076.0,4,5.0,0
18723079.0,4,1.0,0
18723082.0,4,6.0,1
18723084.0,4,0.0,3
18819453.0,4,1.0,2
19109426.0,4,3.0,0
19291482.0,4,2.0,3
19470942.0,4,1.0,0
19784090.0,4,2.0,4
19796985.0,4,5.0,3
20018455.0,4,6.0,0
20064849.0,4,1.0,2
20069557.0,4,2.0,3
20134897.0,4,1.0,2
20193507.0,4,1.0,1
20193508.0,4,3.0,2
20193529.0,4,3.0,2
20251315.0,4,2.0,3
20279082.0,4,5.0,1
20532870.0,4,1.0,3
20569425.0,4,1.0,1
20616498.0,4,1.0,1
20666327.0,4,1.0,0
20671067.0,4,1.0,1
20686742.0,4,1.0,3
20700293.0,4,2.0,4
20718429.0,4,1.0,2
20850135.0,4,1.0,2
20851256.0,4,1.0,2
20950114.0,4,1.0,1
20950218.0,4,5.0,3
20950250.0,4,1.0,0
20950257.0,4,1.0,3
20950280.0,4,1.0,0
20950302.0,4,1.0,0
20950306.0,4,1.0,0
20950314.0,4,1.0,0
20950322.0,4,1.0,4
20950346.0,4,1.0,0
20950385.0,4,1.0,3
20950421.0,4,1.0,0
20950423.0,4,1.0,3
20950430.0,4,1.0,3
20950431.0,4,1.0,3
20950474.0,4,1.0,3
20950488.0,4,1.0,4
20950492.0,4,1.0,4
20950495.0,4,1.0,3
20950511.0,4,1.0,1
20950515.0,4,1.0,1
20950538.0,4,1.0,4
20950546.0,4,1.0,4
20950560.0,4,1.0,1
20950587.0,4,1.0,3
20950588.0,4,1.0,0
20950590.0,4,1.0,3
20950619.0,4,1.0,4
20950665.0,4,1.0,0
20950675.0,4,1.0,3
20950699.0,4,1.0,0
20950715.0,4,1.0,3
20950725.0,4,1.0,3
20950743.0,4,1.0,0
20950777.0,4,1.0,3
20950783.0,4,1.0,0
20950786.0,4,1.0,3
20950792.0,4,1.0,3
20950844.0,4,8.0,0
20950862.0,4,1.0,0
20950875.0,4,1.0,0
20950881.0,4,1.0,0
20950915.0,4,1.0,0
20950923.0,4,1.0,0
20950981.0,4,1.0,5
20950985.0,4,1.0,0
20951025.0,4,1.0,0
20951034.0,4,1.0,0
20951072.0,35,0.0,
20951080.0,4,1.0,5
20951152.0,4,1.0,0
20951236.0,4,1.0,0
20951249.0,4,1.0,0
20951259.0,4,1.0,0
21204193.0,4,6.0,1
21218040.0,36,0.0,
21226706.0,4,1.0,2
21493696.0,4,5.0,3
21552865.0,4,1.0,1
21601685.0,4,1.0,2
21791673.0,4,6.0,1
21843682.0,4,2.0,1
22015265.0,4,4.0,2
22025556.0,4,2.0,3
22086567.0,4,1.0,2
22292604.0,4,1.0,0
22292613.0,4,1.0,0
22292617.0,4,1.0,0
22292630.0,4,1.0,0
22292677.0,4,2.0,1
22683092.0,4,1.0,2
22737988.0,4,5.0,1
22833612.0,4,1.0,1
22841747.0,4,6.0,3
22932160.0,4,1.0,2
23030129.0,4,1.0,1
23088714.0,4,1.0,2
23142470.0,4,3.0,4
23258788.0,37,0.0,
23523772.0,4,1.0,1
23579252.0,4,1.0,2
23641735.0,4,5.0,1
24079280.0,4,1.0,2
25941497.0,4,4.0,1
25952904.0,4,6.0,4
26573251.0,4,0.0,1
26585076.0,4,1.0,1
26874206.0,4,1.0,2
26879002.0,4,1.0,2
26893123.0,4,4.0,2
27130237.0,4,2.0,3
27417541.0,4,6.0,1
27693996.0,4,1.0,1
27731437.0,4,2.0,2
28349271.0,4,3.0,4
28409868.0,4,2.0,5
29208317.0,4,2.0,3
29996247.0,4,2.0,1
30104146.0,4,1.0,1
30203937.0,4,1.0,2
30264165.0,4,5.0,3
30382794.0,4,3.0,2
30540104.0,4,2.0,3
30563694.0,4,1.0,3
30906078.0,4,2.0,1
31142653.0,4,3.0,2
31222136.0,4,2.0,4
31708518.0,4,5.0,3
32493719.0,4,0.0,1
32495611.0,4,3.0,1
32655220.0,4,0.0,0
32771271.0,4,1.0,2
33116484.0,4,1.0,2
33133180.0,4,1.0,1
33354234.0,4,1.0,1
34048991.0,4,5.0,1
34060365.0,4,5.0,3
34097404.0,4,3.0,4
37078461.0,4,2.0,3
46167678.0,4,1.0,2
46785013.0,4,2.0,3
51573349.0,4,5.0,0
54172499.0,4,2.0,3
54602755.0,4,2.0,3
54818587.0,4,1.0,2
54818608.0,38,,
54917326.0,4,1.0,1
54994761.0,4,3.0,0
57155010.0,4,4.0,3
59551133.0,4,5.0,0
59551162.0,4,1.0,3
59562358.0,4,4.0,1
59562363.0,4,3.0,3
59562371.0,4,2.0,5
59562377.0,4,1.0,3
59562378.0,4,2.0,4
59578399.0,4,2.0,3
59578434.0,4,1.0,1
65730137.0,4,3.0,2
65730319.0,4,0.0,3
65730322.0,4,0.0,1
66621366.0,4,1.0,2
66621367.0,4,3.0,4
66621384.0,4,1.0,0
66919911.0,4,6.0,5
66919926.0,4,5.0,0
67365501.0,4,1.0,1
67435856.0,4,1.0,0
67525990.0,4,4.0,0
67525994.0,4,4.0,0
67525996.0,4,4.0,0
67658437.0,4,5.0,0
67673382.0,4,2.0,0
67673383.0,4,3.0,0
67673384.0,4,2.0,4
70472798.0,4,2.0,3
